id,year,state_name,state_code,district_name,district_code,villages_surveyed,tot_pop,pop_male,pop_female,tot_hh,bank,bank_dist_l1km,bank_dist_2km,bank_dist_5km,bank_dist_10km,bank_dist_g10_km,bc_w_internet,atm,internet_bb,all_weather_road,cc_road_full,cc_road_partial,cc_road_not,pub_trans_bus,pub_trans_van,pub_trans_auto,pub_trans_no,railway,csc_panchayat,csc_seperate,csc_not,elec_domes_1hrs,elec_domes_4hrs,elec_domes_8hrs,elec_domes_12hrs,elec_domes_no,elec_msme,pds,mandi,reg_mkt,weekly_haat,mkt_na,tap_100,tap_50,tap_l50,tap_one_hab,tap_na,tel_ll,tel_mob,tel_both,tel_na,clean_energy_hhs,solar_wind_elect,kuccha_hhs,po_sub_po,panch_bhawan,pib_na,pib_av_upd,pib_av_not_upd,prim_school,middle_school,high_school,high_second_school,degree_clg,school_college_na,public_library,indoor_sports,outdoor_sports,both_sports,no_sports,vocational,chc,phc,subcentre,no_health,subcentre_l1km,subcentre_2km,subcentre_5km,subcentre_10km,subcentre_g10km,veterinary,veterinary_l1km,veterinary_2km,veterinary_5km,veterinary_10km,veterinary_g10km,closed_drain,pucca_slab_drain,pucca_uncovered_drain,kuchha_drain,no_drain,pcomm_pasture
0,2020,Uttar Pradesh,09,Ghazipur,146,2728,4131229,2157227,1974002,668785,235,146,534,1339,434,40,220,147,569,2114,389,1807,532,573,156,866,1133,91,66,362,2300,18,196,1404,1089,21,319,1357,51,296,323,2058,146,422,301,107,1752,6,2144,313,265,254014,183,98256,338,935,1792,653,283,1630,889,238,229,108,1025,19,45,261,150,2272,63,123,112,163,2330,103,335,1155,627,110,91,80,259,1125,926,247,318,264,1230,656,260,466
1,2020,Uttar Pradesh,09,Gonda,147,2019,4120674,2199145,1921529,801791,254,54,237,880,486,108,197,97,354,1472,247,1493,279,261,59,389,1310,87,57,402,1560,20,131,784,1070,14,176,1294,44,315,177,1483,515,383,249,60,812,2,1673,117,227,283011,152,91542,341,964,1501,324,194,1624,866,182,190,67,347,17,18,64,75,1862,19,169,81,126,1643,25,122,640,620,236,126,33,131,647,700,382,105,75,757,731,351,609
2,2020,Uttar Pradesh,09,Mahoba,165,435,914179,489218,424961,170961,26,0,6,80,190,133,22,6,63,402,96,295,44,56,1,314,64,7,11,46,378,0,1,155,271,8,73,333,5,6,77,347,50,65,50,0,270,0,406,16,13,65350,18,33999,61,261,132,246,57,420,309,43,20,7,14,2,6,49,7,373,7,12,13,86,324,6,21,91,138,68,15,2,4,64,172,178,4,31,356,31,13,135
3,2020,Uttar Pradesh,09,Etawah,139,692,1499534,819362,680172,286315,97,13,61,264,184,73,77,40,189,540,170,430,92,94,42,247,309,36,50,185,457,2,81,366,236,7,140,331,29,46,117,500,107,175,137,36,237,2,529,79,82,124458,35,22717,155,396,418,216,58,609,440,108,119,42,72,18,12,42,31,607,22,59,51,85,497,11,51,183,170,82,70,7,44,186,241,144,10,34,440,146,62,180
94,2020,Jammu and Kashmir,01,Bandipora,623,153,440535,234156,206379,70993,35,0,5,106,6,1,25,24,4,105,3,123,27,37,71,31,14,0,0,8,145,20,129,4,0,0,5,15,0,6,138,9,1,140,12,0,0,0,13,129,11,24118,5,4364,3,10,115,25,13,149,138,69,8,1,3,10,0,33,113,7,8,6,13,74,60,1,3,51,5,0,43,0,1,91,16,2,0,2,3,148,0,10
4,2020,Uttar Pradesh,09,Faizabad,140,1196,2605927,1355790,1250137,457665,127,37,200,588,219,25,249,61,385,1034,119,897,180,186,41,361,608,33,39,350,807,8,28,551,599,10,211,887,15,109,282,790,145,110,94,16,831,2,1032,93,69,260747,168,44167,301,757,487,466,243,1001,555,185,159,87,174,13,27,158,48,963,43,73,61,102,960,28,116,437,319,60,63,20,92,395,456,170,43,81,650,339,83,662
5,2020,Uttar Pradesh,09,Sambhal,659,1117,2416426,1294093,1122333,416075,136,36,131,388,343,83,120,32,188,796,240,722,155,153,13,494,457,23,27,201,889,17,125,595,300,80,227,611,27,22,205,863,189,292,126,34,476,3,857,75,182,157495,126,23028,126,321,612,323,182,933,464,108,128,29,173,23,12,72,86,947,10,38,33,108,938,32,86,311,390,119,58,20,57,306,455,221,11,27,673,264,142,229
6,2020,Uttar Pradesh,09,Amroha,154,1128,1781006,952380,828626,317343,126,39,193,563,164,43,145,31,327,866,232,550,346,148,4,437,539,18,21,185,922,11,50,508,450,109,250,635,11,7,188,922,137,176,110,25,680,4,882,60,182,173213,164,8015,99,300,506,480,142,824,460,146,123,34,290,6,22,46,37,1023,25,52,27,86,963,28,119,396,316,104,54,19,78,394,404,179,12,103,738,82,193,102
7,2020,Uttar Pradesh,09,Hapur,661,327,1168277,623385,544892,197535,63,10,26,132,86,10,77,40,214,300,121,179,27,74,7,207,39,6,5,173,149,0,1,74,250,2,82,289,2,17,52,256,33,53,13,5,223,0,208,105,14,154651,30,94,65,181,36,286,5,311,220,60,60,8,15,25,3,41,14,269,16,12,50,83,182,8,19,90,60,5,32,8,24,112,126,25,0,27,277,14,9,32
130,2020,Manipur,14,Jiribam,713,76,49366,24935,24431,8633,1,0,0,21,19,35,15,0,21,24,0,22,54,0,2,61,13,0,0,14,62,0,0,24,45,7,35,52,0,5,24,47,0,0,0,0,76,0,69,1,6,2973,5,4797,10,11,49,19,8,56,12,14,2,1,19,1,0,11,2,63,1,7,5,5,59,0,1,10,22,26,1,0,2,15,21,37,0,1,1,32,42,5
8,2020,Uttar Pradesh,09,Allahabad,120,2877,5509888,2938805,2571083,938938,341,93,420,1296,557,170,313,231,697,1903,377,1867,633,587,101,781,1408,103,225,404,2248,33,155,1394,1225,70,459,1613,97,302,571,1907,168,441,562,117,1589,10,2299,273,295,395528,376,190091,365,1544,1570,888,419,2004,1058,367,334,198,803,80,65,181,188,2443,126,310,139,260,2168,68,223,870,686,321,210,41,202,977,892,555,83,157,1127,951,559,497
9,2020,Uttar Pradesh,09,Sonbhadra,184,1407,2168967,1140072,1028895,415952,100,36,131,512,395,233,141,72,393,1140,174,998,235,282,16,619,490,30,30,129,1248,17,83,585,694,28,260,689,30,110,99,1168,66,82,136,58,1065,5,1195,109,98,159168,150,202895,151,556,916,334,157,1039,549,112,107,39,343,12,11,31,12,1353,41,44,48,93,1222,29,126,423,385,259,47,16,55,285,452,552,33,20,225,725,404,120
10,2020,Uttar Pradesh,09,Kannauj,155,696,1800890,983569,817321,300199,81,8,66,312,201,28,89,29,149,605,144,466,86,138,8,183,367,14,46,101,549,3,63,312,315,3,193,446,21,28,128,519,121,172,100,15,288,0,601,46,49,151495,115,35904,116,352,335,195,166,638,372,111,94,47,50,12,15,64,35,582,15,50,49,78,519,7,37,244,204,27,35,9,39,233,285,95,14,50,491,85,56,261
11,2020,Uttar Pradesh,09,Amethi,640,985,2168876,1145611,1023265,376955,117,26,115,462,239,26,141,67,216,793,127,734,124,113,43,335,494,25,36,147,802,3,29,527,420,6,151,660,10,68,297,610,111,148,136,24,566,6,796,108,75,185286,101,83291,185,613,512,305,168,861,427,109,114,38,101,14,31,131,82,741,24,94,48,80,763,18,66,291,322,66,54,13,53,303,429,133,49,62,533,242,99,380
12,2020,Uttar Pradesh,09,Bahraich,125,1396,4261257,2280896,1980361,819946,177,29,132,514,413,131,150,72,280,1097,163,942,291,238,41,365,752,42,63,218,1115,16,49,597,705,29,295,1018,23,144,246,983,239,269,148,40,700,2,1150,84,160,337322,226,187828,260,940,1061,213,122,1270,785,154,181,33,115,28,14,43,41,1298,22,114,57,147,1078,16,77,379,422,184,86,17,70,363,524,336,43,34,729,377,213,289
13,2020,Uttar Pradesh,09,Gautam Buddha Nagar,144,104,275297,148915,126382,45765,15,1,11,53,22,2,13,10,48,102,41,54,9,17,2,46,39,2,2,20,82,0,2,28,74,0,11,90,4,5,6,89,6,22,11,2,63,0,71,32,1,36869,6,61,16,52,12,88,4,100,67,15,10,1,4,6,1,19,2,82,4,5,4,11,84,0,7,41,32,4,6,2,3,44,37,12,1,13,83,2,5,25
14,2020,Uttar Pradesh,09,Basti,131,3074,2813603,1489362,1324241,463534,160,84,500,1644,635,51,192,82,858,2408,257,2150,667,258,79,907,1830,28,48,261,2765,7,85,1468,1487,27,399,1423,18,171,400,2485,286,431,527,71,1759,13,2737,126,198,250131,164,60324,240,1115,1947,764,363,1590,708,168,143,45,1357,13,51,101,57,2865,32,101,83,124,2766,44,342,1328,900,152,72,44,275,1172,1130,381,198,210,1302,795,569,546
15,2020,Uttar Pradesh,09,Barabanki,129,1824,3444968,1847143,1597825,649396,181,44,196,786,512,105,284,98,500,1585,294,1300,230,334,69,207,1214,61,45,315,1464,6,70,578,1143,27,430,1300,24,77,356,1367,435,249,136,63,941,5,1544,142,133,352368,422,77192,324,889,1104,496,224,1546,839,128,145,58,246,32,23,101,63,1637,44,128,66,127,1503,18,109,615,591,170,115,16,119,530,720,324,76,117,1277,246,108,575
44,2020,Uttar Pradesh,09,Ghaziabad,145,196,824533,445056,379477,135883,42,6,39,85,23,1,52,34,76,183,84,98,14,26,8,97,65,4,3,70,123,0,0,44,152,0,42,174,1,24,42,129,9,56,5,3,123,0,117,71,8,104275,2,47,44,124,60,111,25,181,126,34,43,5,13,15,5,51,13,127,7,7,18,62,109,6,16,59,28,0,14,1,16,87,74,4,3,16,167,3,7,23
16,2020,Uttar Pradesh,09,Kanpur Dehat,156,1005,2208253,1202400,1005853,396284,104,15,81,415,320,70,65,56,121,812,194,629,182,126,45,227,607,30,28,136,841,7,103,494,369,32,165,592,12,34,161,798,106,120,101,22,656,2,804,57,142,195725,151,44497,177,517,571,280,154,905,582,125,150,50,94,11,13,56,41,895,13,45,42,78,840,15,66,273,367,119,66,8,50,279,403,199,10,53,645,147,150,167
17,2020,Uttar Pradesh,09,Ballia,126,1903,3702029,1971760,1730269,643890,171,92,351,909,331,49,138,92,335,1339,185,1323,395,247,78,610,968,42,24,258,1621,6,117,908,824,48,235,1031,20,129,286,1468,127,257,299,49,1171,2,1512,170,219,328725,166,83369,298,593,1279,330,294,1307,627,228,188,93,549,14,53,208,41,1601,44,78,89,78,1658,56,233,845,454,70,93,49,238,803,589,131,216,198,693,434,362,168
18,2020,Uttar Pradesh,09,Agra,118,942,3134014,1698696,1435318,516388,114,17,93,350,281,87,121,81,268,815,231,539,172,169,15,243,515,40,52,141,749,0,19,335,577,11,194,672,15,52,146,729,78,319,208,28,309,1,741,101,99,281225,54,17083,183,561,562,237,143,884,619,170,129,69,53,23,7,75,42,818,38,54,67,116,705,17,62,267,266,93,56,10,63,293,350,170,12,113,621,120,76,258
19,2020,Uttar Pradesh,09,Kanpur Nagar,157,1012,2047422,1112918,934504,377668,116,35,89,469,258,45,168,79,537,810,213,638,161,153,43,361,455,59,88,185,739,7,67,591,292,55,242,642,27,53,182,750,136,145,71,13,647,3,798,86,125,206917,311,28472,192,691,384,532,96,849,504,134,141,42,155,138,18,106,57,831,33,57,44,200,711,33,72,292,255,59,108,28,68,373,298,137,30,68,730,76,108,305
20,2020,Uttar Pradesh,09,Bijnor,132,2994,3601748,1923513,1678235,639529,194,117,339,1446,748,150,475,104,995,1944,723,1417,854,549,89,931,1425,53,105,562,2327,11,76,1103,1450,354,647,1302,36,58,489,2411,559,659,251,58,1467,1,1839,558,596,376668,195,19930,263,915,1703,1048,243,1566,819,201,173,50,1366,31,60,125,114,2695,28,65,85,218,2626,104,286,1150,897,189,92,60,223,1173,1109,337,36,200,1731,362,665,284
21,2020,Uttar Pradesh,09,Deoria,137,2155,3463781,1760607,1703174,576651,155,92,329,1134,411,34,189,87,483,1690,312,1530,313,307,107,639,1102,35,29,212,1914,8,133,761,1210,43,290,1360,30,199,164,1762,189,252,189,55,1470,2,1764,145,244,327481,88,28419,248,1014,1356,477,322,1602,846,231,205,91,506,15,31,119,92,1913,52,80,104,137,1834,51,257,948,522,56,76,37,180,866,797,199,260,243,871,410,371,229
22,2020,Uttar Pradesh,09,Chitrakoot,136,559,1279521,691277,588244,226700,50,6,19,143,189,152,31,10,75,453,81,422,56,51,9,355,144,21,63,103,393,1,21,299,236,2,63,355,10,20,32,497,25,168,160,25,181,0,505,12,42,69299,45,81692,80,367,396,125,38,505,332,55,67,17,52,0,3,26,7,523,9,22,36,61,440,4,20,80,197,139,22,7,13,69,221,227,124,38,265,89,43,78
23,2020,Uttar Pradesh,09,Lalitpur,161,752,1374555,734190,640365,288501,52,4,20,165,286,225,63,14,199,569,130,512,110,207,10,328,207,23,29,103,620,4,56,297,337,58,83,413,10,13,110,619,42,69,101,14,526,1,637,33,81,132923,43,49723,134,381,454,208,90,636,461,66,49,16,112,5,4,43,17,688,12,38,29,103,582,5,25,127,243,182,37,8,16,115,241,335,10,47,412,145,138,111
137,2020,Manipur,14,Bishnupur,252,91,207418,101819,105599,50841,2,1,6,28,41,13,13,2,32,84,2,59,30,23,2,62,4,0,1,34,56,0,4,11,75,1,52,77,4,27,10,50,5,17,18,4,47,0,86,4,1,32722,5,32508,20,34,58,19,14,75,22,20,3,0,12,7,0,64,1,26,0,0,13,26,52,5,16,22,8,1,18,3,10,27,12,21,0,3,29,58,1,9
24,2020,Uttar Pradesh,09,Muzaffarnagar,172,706,2508619,1336183,1172436,420867,124,23,63,289,153,54,185,90,284,549,293,268,145,219,26,261,200,6,23,249,434,6,4,174,463,59,218,473,10,49,132,515,180,118,62,30,316,2,443,172,89,201556,32,5420,168,442,297,283,126,544,337,113,110,15,158,11,28,64,43,571,29,32,60,102,512,16,48,219,181,48,74,14,58,243,234,83,9,78,448,26,145,67
25,2020,Uttar Pradesh,09,Etah,138,883,1931267,1047808,883459,311416,96,12,70,379,266,60,73,32,140,747,212,604,67,161,11,372,339,14,18,143,722,5,78,392,382,26,165,608,13,47,60,763,163,150,89,8,473,1,765,59,58,165359,57,20863,153,420,521,146,216,779,472,130,108,35,86,7,6,86,13,778,5,26,33,92,732,16,41,279,294,102,65,8,51,286,337,136,7,22,704,100,50,192
26,2020,Uttar Pradesh,09,Kasganj,633,654,1351269,730824,620445,241905,65,10,59,277,199,44,73,27,100,570,145,445,64,68,24,365,197,25,27,96,531,6,51,430,162,5,175,426,15,50,95,494,135,163,81,22,253,0,549,53,52,109053,124,11824,111,382,424,142,88,602,397,99,108,39,46,21,2,31,42,579,23,39,50,49,516,9,43,216,177,71,39,6,29,197,250,133,6,24,423,134,67,102
27,2020,Uttar Pradesh,09,Mathura,167,826,2031394,1099267,932127,355804,89,18,69,324,264,62,107,80,229,672,304,382,140,159,9,272,386,21,36,105,685,2,5,152,644,23,195,563,9,60,119,638,222,273,124,12,195,2,655,81,88,227072,27,6254,142,319,279,441,106,662,483,125,79,31,158,17,7,63,43,713,26,42,27,52,705,15,62,257,270,101,41,9,51,201,326,198,7,59,601,81,78,215
138,2020,Manipur,14,Thoubal,259,94,241353,117535,123818,52098,6,1,4,25,51,7,13,3,24,70,1,36,57,1,0,85,8,0,1,38,55,0,5,24,63,2,34,88,12,21,0,61,3,15,34,8,34,0,79,14,1,25032,4,20015,16,22,55,18,21,72,26,23,6,0,18,10,0,46,5,43,0,3,8,20,63,4,9,24,24,2,14,7,8,18,39,8,0,2,36,41,15,8
28,2020,Uttar Pradesh,09,Saharanpur,177,1573,2899571,1546264,1353307,518159,108,40,149,774,423,79,244,76,531,1192,521,701,351,346,21,351,855,20,38,367,1168,8,22,462,953,128,296,946,6,42,109,1416,339,239,89,13,893,4,1084,210,275,341441,148,16673,159,595,795,576,202,1055,582,142,126,35,500,4,32,110,48,1383,45,59,54,194,1266,44,147,543,428,104,67,27,97,569,601,212,10,110,1032,119,302,151
29,2020,Uttar Pradesh,09,Kushi Nagar,160,1490,4020559,2102763,1917796,690537,159,47,187,642,368,87,154,78,261,1078,198,1013,279,179,22,531,758,55,37,306,1147,14,102,809,517,48,343,999,23,172,357,938,149,286,167,49,839,4,1281,88,117,365962,99,81715,210,845,1017,310,163,1262,736,165,144,65,201,25,15,155,63,1257,35,115,81,137,1157,31,129,505,382,110,76,27,85,405,599,298,74,132,578,404,302,132
30,2020,Uttar Pradesh,09,Jaunpur,152,3306,5324309,2691094,2633215,864676,287,149,554,1762,514,40,156,192,334,2272,353,2154,799,565,142,898,1701,95,105,282,2919,12,168,1438,1656,32,291,1791,59,673,168,2406,275,522,412,117,1980,5,2732,224,345,348083,173,138604,369,1084,2367,449,490,2106,1013,328,288,147,1111,22,83,182,149,2892,68,207,159,177,2763,96,291,1311,885,180,114,66,271,1192,1244,419,247,156,997,1200,706,665
31,2020,Uttar Pradesh,09,Banda,128,682,2059207,1117094,942113,380966,84,6,27,150,258,157,91,12,170,588,88,533,61,97,21,433,131,8,34,74,574,3,32,306,330,11,101,468,7,12,41,622,73,139,105,23,342,2,575,51,54,134037,28,129353,153,418,365,181,136,611,438,74,67,24,69,3,23,41,19,599,10,24,44,107,507,5,23,97,194,188,25,4,7,106,228,312,27,55,412,117,71,128
32,2020,Uttar Pradesh,09,Mau,168,1602,2244233,1162448,1081785,371591,110,61,287,873,250,21,100,60,323,1132,223,1170,209,132,88,715,667,31,57,178,1367,15,129,864,580,14,231,731,20,140,169,1273,111,166,120,25,1180,8,1194,194,206,153163,49,67853,151,529,861,571,170,917,465,147,154,76,637,10,13,124,76,1389,44,62,62,104,1374,42,226,696,342,68,60,40,200,706,468,128,319,240,649,219,175,121
33,2020,Uttar Pradesh,09,Rae Bareli,175,1572,3216354,1686510,1529844,606523,207,29,162,781,353,40,141,110,286,1187,245,1022,305,267,37,332,936,50,47,216,1309,6,65,702,782,17,287,1043,21,58,579,914,196,318,258,52,748,7,1285,114,166,296107,84,96748,326,1002,882,450,240,1321,598,134,161,56,233,10,37,144,71,1320,26,151,84,130,1207,23,91,482,517,94,106,14,80,538,628,206,46,119,971,298,138,718
34,2020,Uttar Pradesh,09,Farrukhabad,141,999,1833183,982149,851034,294522,101,34,117,390,275,82,178,39,332,776,146,588,265,118,42,458,381,52,44,113,842,7,65,606,233,88,177,676,29,49,85,836,62,131,61,11,734,1,754,100,144,169706,139,27809,136,468,411,367,221,800,491,131,113,63,188,38,29,77,46,847,44,58,41,82,818,20,107,313,267,111,63,11,61,323,369,172,23,51,690,71,164,267
35,2020,Uttar Pradesh,09,Azamgarh,123,3792,5410655,2759492,2651163,863882,247,181,647,1960,666,91,388,196,1121,3039,303,2896,593,353,132,2004,1303,36,83,326,3383,15,172,1861,1720,24,473,2188,31,660,117,2984,304,343,341,62,2742,11,3182,349,250,361561,248,165525,374,1392,2357,863,572,2142,1089,313,272,147,1496,45,49,104,129,3510,54,116,129,152,3395,87,435,1573,1086,214,116,62,333,1417,1437,427,584,346,1425,953,484,666
36,2020,Uttar Pradesh,09,Sitapur,183,2331,5137977,2778050,2359927,964917,225,33,234,991,701,147,197,72,532,1977,304,1743,284,318,75,581,1357,45,72,193,2066,10,165,1201,925,30,403,1602,13,82,641,1595,338,346,198,47,1402,7,2075,82,167,451776,417,207368,352,1272,1405,446,480,1972,1056,180,223,54,331,19,25,98,72,2136,28,138,82,182,1929,24,132,690,782,301,77,20,111,614,970,539,66,152,1531,347,235,610
37,2020,Uttar Pradesh,09,Chandauli,135,1530,2169655,1147907,1021748,365816,161,67,198,635,368,101,84,110,187,1212,303,939,288,231,33,510,756,50,44,132,1354,10,90,669,696,65,152,725,41,220,9,1260,61,142,183,42,1102,7,1214,73,236,152481,105,57110,215,605,1201,215,114,922,537,139,117,59,551,17,11,45,28,1446,38,66,63,107,1294,58,141,522,421,152,76,37,110,489,543,275,375,89,492,294,280,53
38,2020,Uttar Pradesh,09,Sultanpur,185,1755,2849725,1478394,1371331,500577,159,47,225,948,337,39,133,90,356,1309,158,1293,304,305,89,452,909,41,67,206,1482,4,56,749,930,16,288,1083,22,190,329,1214,210,302,156,91,996,5,1412,208,130,201824,206,120205,231,886,1227,389,139,1331,650,181,168,91,378,19,51,184,55,1465,33,102,61,81,1511,34,129,753,509,86,96,33,122,742,611,151,36,168,750,528,273,487
39,2020,Uttar Pradesh,09,Kheri,159,1727,4644909,2520284,2124625,890828,209,22,135,665,535,161,173,81,328,1309,254,1173,300,432,56,256,983,32,120,312,1295,13,79,954,648,33,276,1155,13,67,471,1176,235,265,227,42,958,37,1375,148,167,394732,191,187044,315,1025,1236,314,177,1498,896,155,244,49,210,31,26,79,82,1540,24,114,68,148,1397,12,65,434,606,280,91,11,44,425,638,518,26,74,995,386,246,491
40,2020,Uttar Pradesh,09,Unnao,186,1768,3334333,1802681,1531652,616138,139,37,139,722,564,167,162,85,343,1466,336,1125,307,252,43,510,963,53,87,220,1461,14,74,748,867,65,417,1029,19,40,610,1099,296,346,268,42,816,5,1344,154,265,292319,459,60420,243,1060,1203,405,160,1477,741,154,185,63,273,26,28,104,75,1561,21,107,85,76,1500,22,97,440,689,252,113,24,105,509,692,325,45,121,1132,250,220,476
41,2020,Uttar Pradesh,09,Bhadohi,179,1092,1982854,1046346,936508,331171,82,55,200,581,161,13,77,70,205,883,160,801,131,87,15,388,602,26,14,142,936,1,38,483,566,4,233,622,8,181,33,870,42,79,129,30,812,5,881,128,78,140485,109,52912,91,436,682,238,172,656,378,106,58,18,401,5,22,38,27,1005,13,39,40,88,925,43,167,473,215,27,26,12,78,433,411,132,77,47,352,423,193,175
42,2020,Uttar Pradesh,09,Hathras,163,653,1376539,744369,632170,236807,62,7,57,320,192,15,85,43,129,522,114,408,131,114,7,201,331,18,20,127,506,1,16,339,294,3,112,452,9,46,53,545,127,193,70,9,254,1,528,72,52,114805,23,4171,115,331,174,339,140,600,384,114,93,37,47,4,13,100,35,505,23,35,21,54,543,5,39,231,211,57,27,7,38,241,264,76,5,34,450,99,65,210
43,2020,Uttar Pradesh,09,Bareilly,130,1883,3891478,2089618,1801860,653897,157,37,183,743,635,128,247,76,570,1535,359,1261,263,239,34,905,705,43,51,404,1428,7,82,772,1004,18,338,1214,26,44,329,1484,418,368,226,48,823,3,1586,134,160,315789,267,36280,215,828,1180,437,266,1651,778,140,165,33,215,50,68,105,100,1610,32,102,66,143,1572,24,142,493,718,195,86,20,100,485,814,378,34,63,1409,239,138,358
45,2020,Uttar Pradesh,09,Pratapgarh,174,2197,4077772,2129390,1948382,755375,195,70,353,1116,419,44,183,122,438,1589,192,1557,448,386,19,776,1016,38,85,340,1772,6,97,893,1191,10,350,1298,21,181,611,1384,226,342,299,98,1232,6,1834,186,171,312421,107,138262,296,1109,1538,381,278,1661,811,266,230,95,476,31,40,106,100,1951,30,116,107,172,1802,47,243,900,521,90,120,43,168,836,749,281,58,89,934,857,259,468
46,2020,Uttar Pradesh,09,Rampur,176,1165,2127663,1126903,1000760,382021,123,43,138,522,283,56,200,47,415,1006,234,784,147,143,30,660,332,13,17,275,873,0,1,490,648,26,337,805,26,28,213,898,116,108,69,39,833,2,933,165,65,205036,127,25445,103,246,321,622,222,963,583,88,87,22,192,4,12,57,63,1033,6,30,28,88,1019,29,90,433,374,93,41,23,63,396,448,194,7,78,947,56,77,122
47,2020,Uttar Pradesh,09,Aligarh,119,1167,2916886,1570752,1346134,496340,89,29,78,469,423,79,140,49,347,893,280,719,168,263,16,344,544,19,42,195,930,22,52,470,606,17,239,772,14,48,111,994,230,188,137,29,583,1,862,208,96,258196,165,10932,232,692,646,354,167,1060,614,159,145,37,95,16,16,46,79,1026,33,70,42,85,970,17,57,381,397,118,104,33,56,389,432,153,6,82,835,125,119,329
48,2020,Uttar Pradesh,09,Lucknow,162,806,1901429,1010029,891400,350890,122,16,86,376,185,21,146,96,274,746,293,407,106,99,28,260,419,30,46,177,583,1,5,84,711,5,327,646,12,41,242,511,141,111,65,15,474,0,633,137,36,242917,59,26747,161,555,339,338,129,730,408,86,71,23,66,15,24,135,78,569,25,55,54,84,613,12,69,258,219,55,67,11,56,276,305,91,33,128,541,61,43,398
49,2020,Uttar Pradesh,09,Ambedkar Nagar,121,1706,2605676,1352384,1253292,443696,164,62,271,897,274,38,166,105,346,1392,210,1217,279,194,41,458,1013,26,73,270,1363,7,103,765,793,38,240,1048,23,202,193,1288,260,250,167,35,994,2,1434,127,143,196428,138,73961,282,952,887,590,229,1146,588,149,140,76,513,11,25,61,50,1570,34,100,46,81,1479,32,108,695,520,124,66,21,97,666,662,194,156,160,897,274,219,316
50,2020,Uttar Pradesh,09,Varanasi,187,1223,2892573,1518669,1373904,463937,137,43,280,606,134,23,121,119,196,1012,193,833,197,299,21,326,577,37,55,164,1004,2,8,145,1051,17,349,790,27,300,17,879,36,118,194,29,846,2,926,165,130,205276,100,50297,165,630,598,370,255,824,389,149,125,60,371,13,33,216,53,921,38,41,67,162,953,50,204,477,184,38,52,21,131,559,364,96,477,62,164,229,291,86
51,2020,Uttar Pradesh,09,Shravasti,181,534,1430854,767980,662874,269935,73,14,48,215,148,36,82,22,130,440,107,351,76,119,19,141,255,6,40,170,324,4,21,161,325,23,130,379,2,60,107,365,160,98,54,5,217,1,458,25,50,103029,134,35376,103,394,263,178,93,469,304,69,82,14,58,25,18,44,30,442,12,25,22,105,382,14,29,155,133,51,43,10,31,132,178,140,12,12,351,98,61,140
52,2020,Uttar Pradesh,09,Firozabad,143,796,2131938,1157958,973980,346006,82,11,83,369,230,21,127,40,209,705,326,401,69,130,9,339,318,22,37,132,627,2,12,399,378,5,210,511,21,82,66,627,299,187,57,24,229,0,658,87,51,199061,94,15016,127,393,372,267,157,750,453,97,109,38,36,96,13,92,57,634,24,34,58,95,609,6,84,307,191,21,49,12,66,321,272,76,5,66,646,45,34,203
199,2020,The Dadra and Nagar Haveli and Daman and Diu,38,Dadra and Nagar Haveli,465,70,298187,162383,135804,69374,16,1,4,22,21,6,33,16,40,68,49,7,14,34,0,35,1,0,19,11,40,0,0,0,70,0,32,55,1,10,31,28,36,9,23,0,2,0,63,6,1,42795,0,15826,36,29,39,23,8,68,50,20,11,5,2,17,0,15,7,48,2,5,20,34,11,0,1,7,2,1,12,0,4,14,27,13,21,0,2,5,42,23
53,2020,Uttar Pradesh,09,Kaushambi,158,815,1636684,879640,757044,293799,100,38,131,329,163,54,86,72,190,675,136,478,201,135,32,191,457,24,57,152,606,5,18,211,511,70,189,507,4,35,205,571,88,101,72,17,537,3,628,49,135,146840,95,61113,113,469,379,226,210,609,378,115,102,50,194,14,15,63,22,715,27,34,70,65,646,25,79,277,196,69,38,23,69,273,276,136,44,80,448,106,137,179
54,2020,Uttar Pradesh,09,Mirzapur,170,1901,3031760,1612800,1418960,523680,179,85,254,797,472,114,148,81,458,1467,304,1208,389,331,31,677,862,57,88,167,1646,7,38,601,1183,72,388,1044,48,177,64,1612,69,163,168,38,1463,3,1510,155,233,200893,151,110466,195,900,1222,480,199,1264,646,143,119,63,608,19,22,125,59,1695,62,66,86,129,1620,65,227,692,467,169,71,26,138,607,669,390,306,104,477,611,403,218
55,2020,Uttar Pradesh,09,Hardoi,150,2068,4902737,2650382,2252355,859496,174,19,142,812,715,206,232,78,415,1630,293,1289,486,321,67,764,916,36,187,337,1544,14,128,1028,813,85,314,1433,13,48,588,1419,144,193,92,53,1586,4,1667,167,230,401746,261,123265,298,1075,981,783,304,1712,930,225,214,80,328,36,46,160,175,1687,14,77,57,164,1770,18,80,579,740,353,92,13,55,523,837,548,26,166,1359,303,214,779
56,2020,Uttar Pradesh,09,Budaun,133,1676,3396259,1856536,1539723,574439,86,20,109,625,565,271,172,37,342,1290,260,1131,285,249,25,811,591,20,33,326,1317,16,72,880,569,139,279,1037,9,23,249,1395,232,206,104,57,1077,3,1325,128,220,269875,190,57813,195,687,777,668,231,1329,608,96,89,22,330,10,11,65,72,1528,12,52,79,115,1430,26,84,504,570,246,37,19,54,442,733,391,27,80,1209,153,207,188
57,2020,Uttar Pradesh,09,Mainpuri,166,829,1997744,1071671,926073,376980,83,12,51,301,305,77,78,26,145,724,217,541,71,153,31,207,438,18,40,190,599,2,36,504,273,14,195,526,18,30,119,662,146,114,76,30,463,2,711,17,99,178907,47,31356,156,463,574,148,107,742,447,125,122,35,75,20,9,86,36,698,13,29,71,93,636,11,45,252,270,58,66,10,31,221,362,139,4,49,606,117,53,227
58,2020,Uttar Pradesh,09,Shahjahanpur,180,2343,3078691,1689316,1389375,560716,137,57,190,939,789,231,175,100,481,1709,331,1276,736,268,62,653,1360,36,41,283,2019,26,155,1259,718,185,335,1194,18,51,296,1978,320,344,168,33,1478,7,1855,134,347,305796,181,83069,214,467,1429,607,307,1742,843,122,136,26,585,13,18,91,59,2175,18,71,83,121,2068,50,151,739,796,332,60,45,123,597,930,588,27,66,1543,279,428,368
59,2020,Uttar Pradesh,09,Sant Kabeer Nagar,178,1661,2027181,1064930,962251,353582,106,66,268,766,383,72,83,42,294,1159,201,1179,281,129,67,524,941,10,44,152,1465,10,78,794,703,76,116,759,17,85,273,1286,201,251,164,34,1011,5,1374,74,208,157868,69,66948,182,469,1190,334,137,966,467,105,92,41,653,5,9,22,52,1578,17,77,42,99,1443,40,213,550,478,162,59,39,128,538,611,286,106,60,847,343,305,143
60,2020,Uttar Pradesh,09,Meerut,169,639,1907043,1018290,888753,312957,115,18,121,262,106,17,213,91,364,577,219,313,107,184,22,242,191,5,26,257,356,3,4,204,400,28,167,506,4,45,97,493,107,117,38,3,374,1,370,214,54,233052,27,1778,136,393,212,325,102,552,354,123,116,12,86,19,12,68,29,530,22,36,28,139,436,16,81,215,107,17,66,12,76,270,166,49,7,79,468,15,70,102
200,2020,The Dadra and Nagar Haveli and Daman and Diu,38,Daman,463,28,159815,101311,58504,20261,5,1,6,12,4,0,11,16,21,27,27,1,0,27,0,1,0,1,7,6,15,0,0,0,28,0,11,19,4,1,4,19,22,6,0,0,0,3,0,24,1,19451,3,402,5,16,2,26,0,23,20,9,10,1,5,6,1,8,3,16,3,2,7,12,7,0,5,2,0,0,3,1,2,8,13,1,25,0,3,0,0,1
61,2020,Uttar Pradesh,09,Jalaun,151,1155,1679373,917347,762026,288580,66,20,55,387,448,179,97,18,270,845,212,707,236,229,27,314,585,10,43,115,997,8,27,368,619,133,148,583,17,20,62,1056,142,176,153,18,666,2,859,85,209,161170,38,33612,182,607,775,265,115,890,553,88,91,38,259,15,18,124,25,988,6,50,57,134,914,16,68,303,365,162,51,20,56,240,471,317,46,87,699,118,205,128
62,2020,Uttar Pradesh,09,Bulandshahr,134,1246,3220096,1714460,1505636,553101,105,20,115,639,326,41,239,73,545,1061,319,710,217,322,12,509,403,15,29,278,939,0,7,383,829,27,213,996,19,48,117,1062,167,171,42,9,857,1,894,272,79,352102,90,6118,220,601,517,476,253,1148,744,183,152,39,95,3,24,127,75,1020,14,44,48,119,1035,12,95,497,340,91,61,9,75,524,445,132,6,78,979,96,87,155
63,2020,Uttar Pradesh,09,Jhansi,153,744,1473554,795934,677620,282838,62,3,33,211,269,166,71,22,177,609,139,503,102,126,41,419,158,21,67,108,569,6,42,298,390,8,116,440,13,19,195,517,61,107,195,38,343,2,632,59,51,115492,30,42308,140,465,464,191,89,693,473,78,66,20,48,10,12,61,93,578,12,28,26,268,422,8,24,139,144,107,34,5,26,148,262,269,18,45,507,128,46,156
64,2020,Uttar Pradesh,09,Pilibhit,173,1441,2314722,1241087,1073635,418759,116,30,149,595,426,125,146,57,292,1072,207,993,241,184,6,529,722,37,29,255,1157,6,67,656,610,102,259,639,15,20,217,1189,294,177,120,42,808,4,1175,68,194,214743,308,58252,156,324,997,249,195,1003,523,95,110,20,417,14,31,41,27,1342,10,60,63,109,1209,24,106,410,456,213,59,27,77,395,564,319,23,41,925,240,212,207
201,2020,The Dadra and Nagar Haveli and Daman and Diu,38,Diu,464,4,28927,13706,15221,7562,3,0,1,0,0,0,3,4,4,4,3,1,0,4,0,0,0,0,2,2,0,0,0,0,4,0,2,3,0,4,0,0,2,2,0,0,0,0,0,4,0,5610,2,71,2,4,0,4,0,4,4,4,3,2,0,4,0,1,0,3,0,0,2,1,1,0,1,0,0,0,2,0,0,1,0,1,3,1,0,0,0,0
65,2020,Uttar Pradesh,09,Shamli,660,320,1126635,611721,514914,202316,43,5,18,145,98,11,68,22,160,291,107,189,24,133,30,73,84,12,16,148,156,0,0,50,269,1,79,246,1,12,29,278,64,67,25,2,162,0,263,40,17,131717,8,5319,63,228,48,226,46,283,199,44,41,4,33,1,11,74,9,226,9,16,20,46,238,4,17,117,93,7,43,4,14,111,131,17,2,32,254,20,12,94
66,2020,Uttar Pradesh,09,Auraiya,122,847,1432534,782265,650269,260100,82,8,68,330,297,62,69,42,139,691,192,547,108,136,13,253,445,9,24,181,642,4,27,428,358,30,174,466,22,32,176,617,106,233,109,17,382,1,731,35,80,136895,66,21384,128,361,543,196,108,688,439,114,99,51,145,9,15,92,28,712,15,34,31,60,722,13,73,250,309,77,39,8,42,239,399,120,16,43,567,119,102,170
67,2020,Uttar Pradesh,09,Maharajganj,164,1353,3297072,1731978,1565094,599632,178,48,153,570,322,82,142,81,228,1036,211,942,200,225,15,466,647,40,60,284,1009,6,79,592,625,51,206,893,29,65,348,911,237,241,143,42,690,7,1047,107,192,279721,99,74157,207,899,998,204,151,1125,662,109,135,61,212,18,17,78,54,1204,29,84,54,141,1074,23,85,429,413,124,88,10,79,425,512,239,52,80,749,264,208,139
68,2020,Uttar Pradesh,09,Moradabad,171,1189,2828534,1505784,1322750,453292,182,45,235,502,175,50,158,51,291,939,290,717,182,246,39,412,492,38,31,271,887,8,64,580,456,81,287,712,5,22,240,922,271,216,98,21,583,4,903,103,179,235363,297,24805,119,325,747,314,128,960,508,151,134,35,215,8,13,47,58,1071,17,43,48,121,977,28,126,365,347,111,64,24,118,389,410,184,10,84,819,125,151,114
202,2020,Sikkim,11,North District,226,63,37347,19169,18178,8759,9,3,4,9,11,27,7,9,18,35,13,26,24,5,42,0,16,0,17,1,45,5,6,14,25,13,8,35,3,2,3,55,12,24,12,5,10,0,43,6,14,6012,9,709,24,31,28,26,9,35,19,19,12,3,13,22,7,20,3,33,4,1,18,10,34,2,6,9,8,9,19,1,6,8,10,19,2,4,26,18,13,16
69,2020,Uttar Pradesh,09,Hamirpur,149,477,1150385,618630,531755,213757,54,6,14,118,196,89,110,7,447,459,80,386,11,86,6,370,15,3,14,133,330,0,1,13,463,0,448,384,0,6,100,371,35,157,252,1,32,0,373,99,5,105855,4,36970,93,324,103,311,63,458,334,57,48,3,18,0,1,64,3,409,3,10,30,133,304,14,27,107,118,38,14,2,4,67,183,207,3,26,345,88,15,189
70,2020,Uttar Pradesh,09,Fatehpur,142,1513,3182923,1711299,1471624,604991,170,32,184,629,402,96,161,87,458,1140,248,886,379,302,46,381,784,44,54,215,1244,32,190,760,475,56,316,840,26,63,314,1110,185,206,233,29,860,6,1175,126,206,266652,198,111185,243,867,1000,356,157,1215,723,180,189,58,289,21,41,156,116,1200,22,75,124,101,1213,24,129,421,468,171,93,15,123,377,603,302,31,92,898,276,216,516
71,2020,Uttar Pradesh,09,Gorakhpur,148,3108,4316639,2264195,2052444,735344,199,125,528,1503,620,133,251,146,532,2382,400,2182,526,201,78,1599,1230,50,86,296,2726,6,20,362,2565,155,374,1549,37,266,408,2397,442,472,308,61,1825,7,2487,275,339,400884,87,73753,349,1259,2398,400,310,1776,910,211,244,100,1229,36,39,167,98,2804,74,109,148,122,2729,92,379,1237,821,200,132,63,334,1170,955,454,222,304,1517,526,539,271
72,2020,Uttar Pradesh,09,Baghpat,124,308,1072583,578324,494259,175072,75,10,25,123,67,8,64,47,126,265,103,152,53,82,11,109,106,13,5,86,217,2,6,87,201,12,63,240,3,13,72,220,46,59,35,4,164,0,196,90,22,124741,35,2396,106,153,108,137,63,272,191,88,77,14,35,2,9,59,15,225,8,13,24,125,146,10,20,68,37,11,48,11,12,87,126,24,4,43,213,22,26,55
78,2020,Jammu and Kashmir,01,Ramban,621,168,371267,197457,173810,70861,12,3,2,22,47,82,4,12,26,46,7,39,122,32,59,25,52,4,5,32,131,23,59,65,8,13,15,90,3,21,3,141,3,50,79,6,30,0,124,2,42,30405,15,27224,29,75,46,88,34,155,138,81,21,7,6,2,2,18,4,144,4,4,45,39,80,1,5,18,27,29,21,2,2,13,37,93,1,2,10,58,97,48
73,2020,Uttar Pradesh,09,Siddharth Nagar,182,2469,3028393,1597123,1431270,480552,139,65,364,1183,596,122,116,78,396,1726,309,1754,406,186,68,869,1346,23,36,305,2128,7,116,1402,823,121,163,1200,27,90,566,1786,265,334,219,40,1611,6,1983,126,354,249594,98,34555,187,729,1838,275,356,1617,725,118,85,34,780,10,21,57,101,2290,14,101,130,136,2102,47,236,874,677,268,55,41,165,677,895,636,104,161,1406,392,406,413
74,2020,Uttar Pradesh,09,Balrampur,127,1021,2433441,1278570,1154871,380528,138,20,85,377,304,97,84,46,191,836,172,740,109,161,24,299,537,16,29,153,839,6,82,444,455,34,88,791,4,95,172,750,102,127,73,14,705,0,886,48,87,149479,147,31658,148,528,542,281,198,930,586,79,94,20,75,5,14,15,17,975,11,31,43,105,842,12,53,305,337,135,46,7,36,207,380,345,30,44,704,170,73,248
75,2020,Jammu and Kashmir,01,Srinagar,013,26,63117,32923,30194,10485,12,2,5,4,1,2,5,11,12,19,2,13,11,6,16,2,2,3,0,1,25,2,10,6,8,0,14,19,0,11,0,15,10,14,0,0,2,0,10,16,0,6922,0,577,3,2,15,11,0,21,20,9,2,0,1,0,1,3,0,22,0,0,6,3,17,2,4,5,4,2,11,2,3,5,4,1,3,1,11,1,10,20
76,2020,Jammu and Kashmir,01,Kupwara,008,509,965599,506215,459384,142779,67,23,72,214,102,31,25,34,207,392,17,282,210,96,317,18,78,1,25,75,409,113,292,88,1,15,25,386,3,117,4,385,22,213,216,13,45,2,417,25,65,101455,45,34048,43,197,87,342,80,436,427,151,59,11,21,16,20,150,10,329,6,17,71,156,265,27,65,116,42,15,96,16,61,168,113,55,5,17,195,234,58,272
77,2020,Jammu and Kashmir,01,Rajauri,012,476,902642,474999,427643,175396,61,3,11,84,145,172,37,41,157,255,23,169,284,210,18,117,131,5,14,53,409,12,72,288,99,5,27,312,7,49,10,410,9,176,193,22,76,0,371,36,69,103691,11,57445,135,250,148,268,60,399,381,161,55,14,23,16,9,52,20,395,9,29,67,149,231,4,15,63,85,64,78,3,15,59,140,181,5,12,49,294,116,117
79,2020,Jammu and Kashmir,01,Ganderbal,626,174,361322,189436,171886,55384,35,13,27,64,31,4,44,33,65,132,14,118,42,125,31,1,17,0,7,29,138,3,58,95,17,1,26,154,3,106,0,65,69,99,3,0,3,2,111,56,5,38737,10,7034,19,48,41,109,24,147,127,55,23,1,6,1,3,77,17,77,13,9,48,42,75,3,25,37,8,2,72,9,25,40,13,15,0,9,108,36,21,87
80,2020,Jammu and Kashmir,01,Reasi,627,249,442972,240582,202390,82919,21,0,11,35,51,131,15,15,88,85,5,72,172,60,20,60,109,2,8,29,212,23,27,158,38,3,22,120,1,34,2,212,4,124,89,3,29,0,151,51,47,32853,0,37077,40,123,96,80,73,188,168,79,28,7,24,4,2,32,0,215,2,7,26,74,142,3,16,50,35,38,20,1,10,30,46,142,0,7,18,138,86,74
81,2020,Jammu and Kashmir,01,Kulgam,622,276,469613,248095,221518,81234,39,10,56,130,37,4,26,32,95,247,27,208,41,65,97,80,34,2,2,41,233,38,139,90,7,2,54,237,1,81,2,192,34,192,39,1,10,2,245,23,6,57910,34,7588,38,74,174,69,33,207,233,88,37,3,12,1,9,52,7,208,7,9,43,75,149,15,57,69,8,0,69,11,46,107,36,7,5,28,197,42,4,165
82,2020,Jammu and Kashmir,01,Anantnag,001,425,994022,518264,475758,160263,75,32,80,168,47,23,56,48,139,344,29,259,137,66,283,9,67,20,5,88,332,39,181,179,24,2,48,331,5,139,1,280,40,235,126,7,17,2,328,73,22,108528,22,19469,47,191,208,143,74,332,362,166,63,8,15,6,38,80,26,281,8,5,89,90,241,28,60,97,39,17,104,20,70,131,74,26,6,28,188,177,26,213
83,2020,Jammu and Kashmir,01,Badgam,002,507,794145,416072,378073,121987,77,35,83,192,104,16,53,73,85,415,10,346,151,200,221,23,63,30,48,77,382,68,235,179,25,0,56,396,5,287,7,208,49,312,127,5,14,5,404,72,26,77224,37,9726,53,232,119,246,142,315,370,185,100,18,49,18,9,68,24,406,31,20,120,118,249,29,57,112,46,5,178,15,44,145,103,22,2,68,259,143,35,204
84,2020,Jammu and Kashmir,01,Samba,624,375,311636,162095,149541,62127,34,6,36,167,85,47,20,15,67,238,28,173,174,59,11,183,122,4,4,46,325,5,38,183,128,21,35,118,4,67,1,303,40,201,73,4,57,2,220,106,47,45421,2,3143,32,97,245,108,22,161,124,48,22,7,135,2,0,34,8,333,3,7,37,74,257,7,49,125,63,13,46,8,48,118,104,51,2,15,238,45,75,74
85,2020,Jammu and Kashmir,01,Pulwama,011,320,509404,263947,245457,86590,57,29,71,119,39,5,35,50,76,286,28,247,45,58,143,76,43,9,3,61,256,35,133,139,12,1,88,276,5,93,8,214,43,200,66,2,9,0,223,76,21,70374,8,4418,54,73,56,170,94,242,206,92,35,4,31,3,9,88,8,215,5,11,61,63,185,19,68,73,23,2,93,8,63,83,64,9,1,18,191,92,18,147
86,2020,Jammu and Kashmir,01,Shopian,625,221,280921,144809,136112,49383,28,11,32,118,32,0,23,20,78,193,6,170,45,17,121,11,72,1,2,33,186,54,130,29,7,1,15,182,6,42,5,168,25,144,47,3,2,2,179,29,11,37937,16,7888,19,42,110,86,25,183,123,46,16,3,21,0,10,57,6,148,1,7,27,29,158,16,29,86,24,3,46,8,38,87,35,7,3,2,58,148,10,122
87,2020,Jammu and Kashmir,01,Doda,004,399,424885,226591,198294,90417,26,9,19,53,116,176,17,14,92,112,3,123,273,67,210,16,106,2,9,20,370,21,75,258,35,10,43,234,5,34,13,347,26,217,101,3,52,0,325,11,63,42197,34,40039,45,136,112,145,142,302,248,114,53,7,44,5,6,45,9,339,2,10,55,102,232,8,15,60,79,70,47,4,14,35,101,198,1,5,60,273,60,82
88,2020,Jammu and Kashmir,01,Kathua,007,544,623037,329199,293838,123852,55,18,47,200,139,85,40,29,181,370,31,334,179,198,44,154,148,14,12,49,483,5,53,254,219,13,157,299,3,68,4,469,42,276,151,7,68,0,322,157,65,72702,5,22632,108,241,321,175,48,354,285,124,49,13,108,5,14,96,9,425,5,8,63,143,330,20,66,167,42,35,74,23,51,183,106,107,6,15,260,157,106,203
89,2020,Jammu and Kashmir,01,Poonch,010,278,615396,322889,292507,122385,25,4,17,56,86,90,7,21,50,102,6,99,173,82,55,45,96,0,7,23,248,33,95,125,13,12,40,125,8,41,6,223,8,83,133,15,39,1,187,20,70,53468,21,58204,63,123,108,99,71,255,235,113,38,5,14,1,3,32,6,237,10,9,66,80,123,9,11,40,32,31,37,9,9,35,85,103,5,3,23,170,77,106
90,2020,Jammu and Kashmir,01,Kishtwar,620,200,281788,149228,132560,66297,25,8,9,25,55,78,22,13,52,66,2,67,131,54,46,7,93,1,7,25,168,26,24,71,60,19,22,119,3,19,1,177,9,61,88,3,39,0,122,8,70,28128,40,24015,22,80,53,98,49,169,147,74,21,7,10,7,3,29,6,162,3,6,29,60,105,2,11,28,31,33,32,2,11,21,41,93,1,5,41,86,67,98
91,2020,Jammu and Kashmir,01,Baramulla,003,598,1161921,617071,544850,177536,91,22,93,167,159,66,43,70,194,478,24,366,208,180,315,11,92,17,10,56,532,95,278,194,28,3,78,472,5,157,7,429,99,373,94,9,23,1,445,100,52,119802,36,20656,43,263,150,380,68,459,458,204,77,16,26,13,20,193,15,370,13,11,101,148,338,25,71,140,85,17,149,21,61,157,140,70,6,22,215,314,41,344
92,2020,Jammu and Kashmir,01,Udhampur,014,412,566036,296610,269426,103273,48,7,17,77,128,135,27,34,117,239,14,202,196,274,16,51,71,7,16,40,356,17,42,184,163,6,52,202,2,75,6,329,17,166,182,6,41,1,288,75,48,55681,9,33392,104,187,166,172,74,313,294,151,50,5,44,5,4,41,19,348,3,7,67,114,224,7,20,78,73,46,76,7,12,59,115,143,10,6,37,158,201,187
93,2020,Jammu and Kashmir,01,Jammu,005,885,1007476,534484,472992,210484,84,28,84,344,204,141,69,64,315,700,62,463,360,486,23,214,162,9,29,58,798,13,27,439,371,35,136,510,10,118,5,752,69,396,235,7,178,3,468,325,89,145699,4,18115,125,323,433,348,104,462,322,159,51,12,257,9,7,52,29,797,4,21,106,124,634,43,113,288,120,70,100,25,87,301,200,172,5,36,522,181,141,99
95,2020,Telangana,36,Yadadri Bhuvanagiri,697,433,636647,323937,312710,178745,56,6,17,118,171,65,86,40,175,403,92,282,59,248,1,136,48,13,71,49,313,2,7,29,391,4,206,359,5,0,31,397,409,19,0,0,5,3,327,84,19,148120,10,47664,177,334,150,234,49,380,130,146,50,8,39,39,2,50,12,369,10,6,40,109,278,3,21,120,100,34,82,6,18,117,136,74,151,38,148,72,24,113
96,2020,Telangana,36,Wanaparthy,693,311,490469,250953,239516,110093,34,5,8,91,120,53,52,18,104,248,38,199,74,147,0,110,54,10,31,37,243,3,6,68,223,11,102,230,3,3,38,267,204,83,6,3,15,3,224,57,27,85609,4,46275,91,183,117,157,37,279,96,86,32,4,25,23,6,18,8,279,6,3,30,76,202,5,22,70,79,26,53,10,16,85,94,53,10,27,163,71,40,52
97,2020,Telangana,36,Sangareddy,691,776,1168315,594955,573360,274363,87,7,40,232,265,145,200,63,344,671,137,475,164,288,4,409,75,7,134,81,561,4,11,72,679,10,332,619,6,18,99,653,557,169,26,4,20,5,562,143,66,205750,19,91500,240,439,318,366,92,733,276,184,86,11,30,37,18,59,18,681,19,8,89,137,542,9,58,199,192,84,122,4,48,186,256,160,62,105,377,205,27,219
98,2020,Telangana,36,Mancherial,684,514,503289,254051,249238,144123,36,5,32,122,165,154,147,25,311,376,84,298,132,183,0,237,94,3,22,69,423,3,4,18,453,36,228,339,5,2,70,437,394,47,8,5,60,1,351,98,64,120697,9,28278,111,213,180,274,60,407,160,96,29,6,102,12,3,37,12,462,7,1,36,127,350,7,34,128,103,78,51,4,31,98,139,191,6,27,265,115,101,111
99,2020,Telangana,36,Mulugu,720,291,305446,152415,153031,88051,33,2,10,49,69,128,75,34,141,276,76,180,35,148,1,129,13,1,25,31,235,0,0,12,275,4,178,220,3,2,32,254,270,17,1,0,3,1,191,59,40,64967,13,27338,113,146,134,115,42,252,88,64,38,10,34,25,5,35,11,240,13,2,29,74,186,15,29,56,49,37,61,5,17,54,61,93,1,8,112,142,28,83
100,2020,Telangana,36,Kumuram Bheem Asifabad,699,662,536862,270111,266751,146364,31,9,26,128,198,270,207,15,338,442,99,362,201,159,6,385,112,3,13,47,602,3,12,65,509,73,199,326,2,3,37,620,403,113,36,13,97,6,443,75,138,100227,16,49845,111,196,352,187,123,523,174,87,36,10,123,16,12,39,21,590,6,9,43,97,513,10,37,143,153,170,44,7,20,111,181,299,5,18,275,180,184,120
101,2020,Telangana,36,Suryapet,696,502,857570,431242,426328,249425,94,8,28,152,151,69,232,48,337,465,121,345,36,188,3,286,25,7,81,149,272,0,0,13,480,9,324,408,31,39,15,417,435,47,10,0,10,3,356,122,21,201323,62,31222,246,342,102,331,69,469,161,169,44,9,29,50,18,174,24,286,44,5,47,173,277,9,28,116,78,46,129,8,27,118,139,81,4,46,327,100,25,240
102,2020,Telangana,36,Vikarabad,698,804,997711,501788,495923,246050,87,3,29,218,308,159,155,60,339,663,149,518,137,408,1,335,60,22,77,91,636,3,3,82,709,7,253,637,4,6,108,686,682,97,9,1,15,1,600,138,65,179528,23,122870,246,429,489,222,93,768,245,179,72,4,28,52,18,54,13,719,42,9,84,135,576,8,49,205,221,93,137,5,42,164,258,198,30,66,405,250,53,211
103,2020,Telangana,36,Warangal Rural,522,418,652253,328446,323807,183837,79,7,35,116,137,44,125,60,194,372,121,238,59,257,0,112,49,12,59,72,287,5,9,47,348,9,186,317,7,3,21,387,336,60,10,1,11,2,263,124,29,141448,32,37624,176,270,141,242,35,359,142,138,59,6,43,52,14,50,35,319,19,7,59,110,242,13,48,104,60,17,93,11,42,109,116,47,11,41,197,105,64,136
104,2020,Telangana,36,Kamareddy,685,698,932242,457346,474896,245640,72,20,40,231,231,104,142,48,325,588,171,354,173,328,2,276,92,15,55,74,569,8,19,74,572,25,204,479,8,17,96,577,550,84,16,5,43,2,402,199,95,167331,17,85967,178,339,302,319,77,608,200,161,66,16,78,48,24,48,28,598,13,10,60,137,491,19,53,191,162,66,74,21,37,170,228,168,15,51,359,207,66,175
105,2020,Telangana,36,Rajanna Sircilla,683,269,438730,218141,220589,128272,37,5,15,77,97,38,115,26,167,257,78,161,30,185,1,62,21,0,19,70,180,2,0,17,245,5,131,227,4,5,45,215,247,17,3,0,2,3,190,64,12,113318,8,40852,106,198,41,192,36,243,101,98,33,11,16,25,14,32,9,214,12,2,29,57,181,6,31,85,50,9,40,5,12,77,82,53,7,35,178,21,28,92
106,2020,Telangana,36,Karimnagar,508,319,624923,312202,312721,180379,68,3,29,132,76,11,175,54,231,309,89,206,24,185,1,117,16,7,56,93,170,0,3,14,298,4,166,279,5,12,48,254,289,27,2,0,1,4,208,94,13,149475,8,36684,167,258,90,182,47,284,148,122,43,3,26,36,23,94,34,168,8,3,39,115,162,3,39,87,30,3,107,6,26,94,66,20,6,26,251,29,7,143
107,2020,Telangana,36,Bhadradri Kothagudem,690,703,1010824,510613,500211,264238,200,19,42,128,160,154,268,165,382,609,188,352,163,223,4,435,41,47,62,188,453,8,29,155,498,13,281,508,36,47,91,529,397,229,46,11,20,5,417,201,80,190906,93,73165,294,387,320,328,55,648,308,201,125,72,45,111,24,147,66,466,104,5,135,218,345,14,53,88,116,74,225,13,36,121,148,160,12,34,198,367,92,234
108,2020,Telangana,36,Narayanpet,721,349,549106,275916,273190,122717,37,6,14,84,119,89,44,15,91,281,42,231,76,163,0,151,35,5,36,31,282,2,1,15,324,7,104,235,3,4,38,304,288,46,9,1,5,0,259,53,37,78673,4,40038,106,186,150,142,57,321,122,59,28,1,27,11,3,20,9,317,1,2,35,73,239,3,25,89,84,38,43,4,14,90,103,95,9,25,154,117,44,84
109,2020,Telangana,36,Medchal Malkajgiri,700,99,199630,101238,98392,57099,22,3,11,25,33,5,40,29,83,95,55,33,11,90,0,5,4,6,15,11,73,0,1,6,88,4,67,75,2,4,52,41,92,2,2,0,3,0,41,52,6,47386,4,13156,46,70,60,36,3,92,36,40,20,8,7,22,1,22,3,73,6,1,9,24,65,1,11,26,18,9,32,3,11,30,18,5,78,5,7,2,7,29
110,2020,Telangana,36,Jogulamba Gadwal,695,270,500858,253322,247536,127472,43,2,11,65,89,60,103,17,182,236,48,184,38,123,0,126,21,11,21,51,198,1,1,19,247,2,142,233,6,4,23,237,258,10,0,0,2,1,202,47,20,101625,6,42146,93,192,47,194,29,257,132,73,20,2,9,15,3,16,3,248,4,3,16,75,176,1,17,77,55,26,53,5,14,61,75,62,11,19,133,76,31,67
111,2020,Telangana,36,Medak,513,569,745370,370690,374680,180266,70,10,35,157,220,77,168,36,272,486,138,299,132,191,0,334,44,21,72,52,445,3,11,66,469,20,239,443,4,20,93,452,472,54,10,3,30,2,391,113,63,141548,13,61632,167,349,265,230,74,522,214,138,56,8,32,47,17,55,75,422,16,4,46,133,386,6,33,152,140,55,96,9,30,159,197,78,28,68,317,116,40,184
112,2020,Telangana,36,Jayashankar Bhupalapally,687,300,379158,190118,189040,113843,37,3,19,70,70,101,62,26,124,265,102,156,42,171,1,94,34,2,28,46,226,4,0,17,271,8,147,237,2,3,37,258,248,40,2,2,8,0,241,39,20,82881,6,27169,102,161,148,130,22,265,93,71,32,5,31,18,8,44,31,217,7,4,21,83,192,9,31,65,52,35,49,7,18,62,71,93,3,11,126,136,24,96
113,2020,Telangana,36,Mahabubnagar,512,468,654448,331478,322970,148172,48,3,41,132,176,68,72,25,203,385,56,347,65,177,0,237,54,16,24,55,389,5,4,23,426,10,256,348,5,8,65,390,417,44,3,0,4,2,334,92,40,115561,9,33809,130,265,242,154,72,422,136,105,37,2,33,35,9,110,14,335,3,1,34,124,309,8,53,136,76,36,80,5,32,158,113,80,59,37,222,88,62,109
114,2020,Telangana,36,Jagitial,681,396,758445,370597,387848,217137,61,6,24,114,138,53,141,41,209,371,122,224,50,295,0,86,15,7,77,67,252,5,3,41,343,4,145,316,12,14,61,309,278,107,6,2,3,1,252,118,25,170166,10,43330,171,318,120,229,47,370,175,164,74,5,18,36,7,55,27,307,9,1,43,123,229,12,36,90,68,23,86,10,26,108,118,48,5,67,263,48,13,133
115,2020,Telangana,36,Mahabubabad,688,553,700237,353455,346782,196198,59,8,17,112,194,163,152,28,262,460,131,315,107,212,2,280,59,19,42,73,438,0,2,46,473,32,234,392,9,5,32,507,450,61,9,1,32,2,382,88,81,145702,18,40273,214,241,163,341,49,476,189,112,46,13,68,31,17,61,11,464,8,9,62,135,347,9,53,130,82,73,65,16,23,129,180,140,9,29,215,175,125,121
116,2020,Telangana,36,Peddapalli,682,306,534535,268349,266186,151614,44,6,32,101,84,39,145,47,206,279,99,180,27,189,2,91,24,11,43,80,183,2,2,11,279,12,107,260,3,10,79,214,248,39,3,1,15,1,218,63,24,121420,13,24796,118,197,46,230,30,261,133,95,46,9,33,16,7,48,16,235,6,2,41,77,186,13,30,74,48,21,55,6,30,75,86,54,24,30,167,61,24,91
117,2020,Telangana,36,Nagarkurnool,694,562,863810,438986,424824,224078,98,6,34,146,164,114,165,46,274,467,80,388,94,320,2,200,40,5,65,72,425,3,5,53,490,11,203,435,7,33,67,455,442,83,16,2,19,0,388,131,43,170081,24,51456,252,342,198,294,70,519,194,122,34,10,26,62,12,103,31,416,16,4,76,163,319,6,35,123,96,59,154,7,25,120,148,108,27,46,295,119,75,219
118,2020,Telangana,36,Khammam,509,631,1089767,543236,546531,318777,90,9,46,188,197,101,304,60,427,585,116,433,82,308,2,298,23,23,54,120,457,3,3,30,588,7,335,504,13,14,15,589,557,69,3,0,2,0,390,214,27,259598,42,49615,327,438,139,401,91,579,245,195,58,15,21,55,25,103,20,483,18,4,54,178,395,7,51,188,104,45,193,17,51,178,121,71,7,45,301,246,32,163
119,2020,Telangana,36,Adilabad,501,573,579278,291271,288007,145164,41,9,20,134,188,181,109,41,262,493,95,408,70,181,2,362,28,3,14,42,517,1,1,41,526,4,259,334,2,3,46,522,501,58,4,1,9,0,444,80,49,104791,33,64268,128,267,186,325,62,539,163,120,51,13,26,20,12,58,57,446,9,8,55,91,419,10,31,151,143,84,64,7,19,108,182,193,5,19,349,164,36,112
120,2020,Telangana,36,Ranga Reddy,518,764,1024909,524833,500076,271126,109,19,71,240,215,110,263,78,493,642,188,461,115,512,1,151,100,9,79,94,591,7,2,42,658,55,341,546,10,37,86,631,637,64,1,2,60,6,506,152,100,222957,32,44739,211,545,257,384,123,610,272,187,57,18,135,89,28,139,34,563,18,10,77,133,544,18,74,219,146,87,164,16,68,215,166,135,444,71,119,39,91,193
121,2020,Telangana,36,Nalgonda,514,973,1434120,730684,703436,389003,137,9,53,221,334,219,295,85,441,848,133,711,129,391,3,523,56,26,81,123,769,1,11,68,880,13,350,779,12,16,51,894,786,146,14,4,23,6,703,203,61,301364,19,71803,361,560,550,279,144,864,251,228,67,16,89,50,44,180,65,684,31,7,74,203,689,9,63,246,220,151,178,11,46,194,314,230,20,72,581,226,74,222
122,2020,Telangana,36,Warangal Urban,686,134,294000,146948,147052,84008,23,1,19,45,41,5,58,21,88,128,45,78,11,100,0,29,5,3,9,19,106,2,1,6,122,3,61,113,2,23,8,101,125,7,1,0,1,0,76,56,2,63041,5,14253,80,102,32,88,14,122,54,57,18,4,8,17,3,20,4,107,3,0,19,43,72,0,10,45,14,3,33,4,16,43,28,10,3,15,99,12,5,16
123,2020,Telangana,36,Nirmal,680,575,587498,287152,300346,169850,50,17,36,151,194,127,142,50,280,472,99,353,123,269,3,238,65,6,40,75,460,6,2,41,485,41,228,366,9,7,45,514,400,111,9,4,51,3,387,103,82,130060,14,56078,142,267,233,234,108,481,141,117,49,15,79,34,10,65,21,479,9,7,40,82,446,14,35,157,148,92,73,21,28,150,169,134,5,35,311,165,59,161
124,2020,Telangana,36,Nizamabad,516,572,1122042,543236,578806,302910,120,11,78,216,121,26,247,95,439,548,178,352,42,383,2,164,23,25,51,148,373,2,2,15,546,7,366,434,6,24,68,474,504,56,2,1,9,6,343,204,19,250758,47,82953,255,400,161,347,64,515,229,211,56,13,43,71,29,191,49,303,18,6,64,179,323,10,72,175,50,16,129,9,44,177,153,60,9,57,417,68,21,198
125,2020,Telangana,36,Jangoan,689,293,494062,247383,246679,137517,36,3,10,65,115,64,67,21,123,272,60,184,49,176,1,94,22,9,35,37,221,1,1,22,267,2,106,235,2,1,32,258,246,41,2,1,3,2,183,86,22,110876,13,34205,152,193,135,134,24,260,124,105,46,7,21,32,3,20,9,261,4,1,29,96,167,3,16,82,45,21,64,2,20,72,91,44,8,30,158,68,29,79
126,2020,Telangana,36,Siddipet,692,522,837637,418704,418933,221693,77,3,39,175,174,54,144,42,259,483,194,272,56,344,3,141,34,6,69,93,360,0,1,25,490,6,208,446,4,17,136,365,493,19,1,1,8,4,349,142,27,195737,16,60509,220,381,125,324,73,493,202,207,70,4,21,59,15,67,30,410,16,3,70,136,313,3,52,168,71,19,103,12,31,166,142,68,27,76,347,42,30,184
127,2020,Manipur,14,Senapati,257,156,378328,196855,181473,60680,12,5,5,24,22,88,8,9,43,68,1,35,120,10,26,65,55,0,7,20,129,15,30,45,49,17,20,85,2,6,14,134,1,13,40,13,89,0,118,9,29,17991,3,34525,38,30,127,14,15,129,36,41,9,6,25,0,5,58,2,91,2,5,27,24,100,2,9,25,19,45,15,4,7,13,24,93,2,2,37,75,40,28
128,2020,Manipur,14,Imphal West,256,150,320235,158700,161535,72824,12,20,30,44,21,23,18,16,52,129,9,49,92,8,2,139,1,0,4,49,97,3,3,21,123,0,29,140,33,49,16,52,4,32,59,12,43,0,120,27,3,52597,5,32318,35,39,102,15,33,106,45,43,13,9,34,9,4,97,6,43,8,10,18,20,102,25,16,42,10,9,23,17,16,45,21,28,0,0,81,63,6,19
129,2020,Manipur,14,Ukhrul,260,92,178876,94779,84097,38237,2,0,1,1,0,88,1,1,26,27,0,15,77,9,23,8,52,0,1,10,81,12,21,19,39,1,4,62,2,4,2,84,0,13,23,7,49,1,82,1,8,10461,2,21167,25,33,60,5,27,83,17,31,9,1,8,0,2,36,2,52,1,7,5,14,66,0,0,1,3,62,5,0,0,0,0,87,0,1,8,59,24,6
131,2020,Manipur,14,Tengnoupal,716,304,87351,43652,43699,17660,16,16,30,80,52,110,16,8,37,135,1,31,272,15,30,124,135,0,1,11,292,11,32,62,134,65,16,128,4,10,9,281,6,10,33,28,227,0,220,7,77,5238,10,11658,29,19,241,12,51,111,17,17,6,3,179,1,4,63,3,234,3,1,16,6,281,14,30,82,59,96,9,7,13,43,72,160,1,1,23,132,147,8
132,2020,Manipur,14,Imphal East,255,212,440000,208863,231137,96329,10,5,23,53,63,58,40,11,88,174,4,85,123,1,33,166,12,0,7,55,150,0,0,45,165,2,20,184,21,56,18,117,5,37,64,11,95,1,173,38,0,61169,3,46246,25,37,109,63,40,167,49,56,15,7,39,10,3,154,19,36,3,6,25,16,165,11,37,59,45,13,19,8,14,56,72,43,1,2,130,71,8,23
133,2020,Manipur,14,Churachandpur,254,828,374637,182236,192401,70131,15,16,37,140,151,469,37,21,181,312,18,113,697,94,26,304,404,0,8,46,774,63,99,266,264,136,55,415,7,22,10,789,26,36,96,58,612,1,554,20,253,37280,63,36174,53,51,751,23,54,277,61,48,17,21,505,4,5,194,9,620,3,7,23,36,762,20,70,174,167,331,5,9,33,107,172,502,8,5,75,342,398,22
134,2020,Manipur,14,Kamjong,717,132,65342,33037,32305,14271,3,1,0,3,10,115,6,2,37,31,0,12,120,6,12,23,91,0,0,8,124,20,24,25,25,38,1,64,0,2,3,127,2,10,30,13,77,0,96,2,34,3880,20,9627,18,15,116,3,13,96,18,22,2,2,26,0,0,41,0,91,1,3,17,10,102,0,1,8,25,68,2,1,0,1,16,112,0,1,7,39,85,5
135,2020,Manipur,14,Pherzawl,715,97,50267,25567,24700,8735,1,0,0,0,1,95,1,0,3,19,1,6,90,8,1,8,80,0,0,3,94,7,10,4,18,58,3,56,0,0,5,92,0,1,8,1,87,0,43,2,52,1392,14,6649,20,9,83,6,8,61,18,16,1,1,25,1,2,21,0,74,0,4,8,9,76,1,0,2,11,62,2,0,0,1,9,85,0,0,2,19,76,2
136,2020,Manipur,14,Noney,714,73,72815,36389,36426,11812,2,0,1,2,4,64,5,1,8,21,1,6,66,4,4,9,56,1,1,7,65,16,21,5,4,27,2,39,0,3,1,69,0,5,11,7,50,0,40,1,32,4100,17,7871,21,4,60,1,12,61,12,12,3,1,11,1,0,15,1,57,0,2,9,9,53,1,0,2,12,38,3,0,0,2,8,60,0,0,4,11,58,0
139,2020,Manipur,14,Chandel,253,427,103654,49869,53785,21064,9,32,28,64,62,232,6,8,40,89,4,36,387,43,7,94,283,0,4,9,414,18,40,48,209,112,14,120,5,10,4,408,4,4,83,7,329,1,287,6,133,6312,21,14720,40,14,351,8,68,181,18,19,6,8,236,3,6,152,11,258,2,1,15,12,399,28,49,84,78,160,6,23,32,66,65,235,4,4,6,179,234,19
140,2020,Manipur,14,Kakching,711,55,150693,73948,76745,33231,0,0,2,6,32,15,30,0,18,43,3,28,24,8,0,44,3,0,5,25,25,0,0,19,33,3,25,50,14,13,3,25,0,6,11,5,33,0,45,5,5,21356,1,19801,24,24,21,17,17,44,18,15,1,1,8,8,0,36,1,18,0,1,8,15,31,2,6,8,8,7,10,0,4,11,19,11,1,0,27,19,8,5
141,2020,Manipur,14,Tamenglong,258,146,108651,54801,53850,19968,6,7,5,7,3,118,4,4,8,18,1,5,140,5,1,23,117,0,1,7,138,34,19,19,15,59,7,46,1,2,2,141,0,3,8,5,130,0,63,5,78,5350,3,13495,13,8,121,2,23,64,10,12,4,1,76,1,0,16,4,126,1,0,5,9,132,2,7,12,3,108,5,4,5,2,8,122,1,0,1,31,113,1
142,2020,Manipur,14,Kangpokpi,712,676,265777,130919,134858,47054,15,17,28,110,200,306,25,11,170,207,3,66,607,52,20,380,224,3,6,32,638,40,82,170,329,55,51,329,3,17,31,625,13,46,86,47,484,2,521,11,142,17492,26,30116,82,35,634,10,32,312,85,55,7,14,320,1,2,212,5,457,4,10,31,32,603,34,70,173,168,158,13,19,28,92,178,346,12,2,34,270,358,27
143,2020,Haryana,06,Sonipat,075,359,1331103,717565,613538,243312,137,8,22,105,66,21,90,72,225,327,180,128,51,198,1,125,35,26,77,129,153,2,8,205,130,14,51,258,35,14,25,285,182,146,12,3,16,1,103,241,14,191634,198,10202,190,216,205,112,42,332,258,210,165,19,16,17,35,115,56,153,16,49,85,72,153,5,10,57,54,27,141,5,10,76,82,45,11,70,202,44,32,73
144,2020,Haryana,06,Kaithal,066,321,1131712,600441,531271,218024,89,3,19,105,85,20,81,43,157,302,215,88,18,175,4,82,60,9,108,95,118,10,5,104,202,0,120,206,26,44,18,233,191,110,17,1,2,4,202,106,9,144073,221,25831,131,222,143,118,60,303,194,134,114,14,17,40,33,54,36,198,17,34,44,72,171,3,6,80,59,23,141,4,9,74,69,24,26,49,183,37,26,90
145,2020,Haryana,06,Palwal,619,322,1208870,643072,565798,182129,51,7,25,116,113,10,44,34,68,258,145,102,75,49,1,203,69,6,46,62,214,3,16,185,111,7,45,119,15,39,17,251,86,175,37,6,18,0,240,44,38,102039,57,11312,62,155,263,26,33,283,184,112,76,20,34,15,8,36,52,226,18,27,17,23,255,5,31,90,120,9,69,4,17,80,127,25,16,55,152,52,47,71
146,2020,Haryana,06,Faridabad,060,129,401238,213612,187626,90746,28,2,22,46,29,2,23,20,36,102,65,35,29,29,4,35,61,4,11,36,82,2,6,59,54,8,28,49,3,12,6,108,47,42,13,8,19,1,80,24,24,38644,23,1845,27,66,100,17,12,111,74,44,33,12,17,11,4,21,13,91,13,7,11,12,99,3,12,36,32,16,37,3,11,34,33,11,7,24,66,5,27,28
147,2020,Haryana,06,Yamunanagar,076,666,878977,465645,413332,170074,105,14,71,294,162,20,80,53,177,562,474,104,88,305,10,90,261,11,90,136,440,4,26,280,352,4,190,273,21,68,3,574,499,114,41,2,10,1,464,162,39,106055,225,16619,118,243,382,180,104,553,308,140,70,17,100,16,19,144,49,454,21,47,52,39,528,16,53,228,187,44,69,10,66,252,224,45,28,121,412,53,52,176
148,2020,Haryana,06,Rewari,072,424,885327,466935,418392,176576,91,11,38,155,112,17,105,36,194,373,265,113,46,187,2,141,94,33,90,126,208,1,5,133,281,4,64,271,19,16,4,385,211,177,14,2,20,1,210,190,23,144757,272,1323,128,316,184,158,82,379,243,163,118,19,43,34,18,106,91,209,15,21,33,40,330,5,25,143,123,34,90,8,33,122,123,48,20,66,296,20,22,101
149,2020,Haryana,06,Kurukshetra,068,478,900220,477484,422736,180658,96,4,44,192,127,15,117,43,325,442,369,90,19,210,0,123,145,15,90,173,215,1,1,50,422,4,214,312,24,23,0,431,335,112,15,3,13,2,213,239,24,132602,300,15076,130,250,274,129,75,436,280,126,87,17,40,12,31,98,30,319,17,39,46,40,353,3,34,169,123,24,126,8,52,159,110,23,22,76,307,29,44,93
150,2020,Haryana,06,Rohtak,073,146,707226,378661,328565,146974,74,10,7,29,24,2,50,31,87,128,94,22,30,92,0,44,10,18,56,32,58,8,12,75,50,1,43,102,5,15,1,125,60,51,16,3,16,0,81,58,7,93541,64,6112,101,106,91,27,28,142,135,125,106,18,2,19,16,43,37,50,17,20,47,31,48,5,11,9,19,4,98,5,8,10,18,7,6,46,55,15,24,27
151,2020,Haryana,06,Mahendragarh,069,375,980496,528462,452034,195220,54,8,35,148,107,23,70,24,185,336,240,121,14,187,1,93,94,9,76,109,190,0,6,135,231,3,55,202,7,25,1,342,188,122,31,9,25,2,165,190,18,145992,138,4686,111,280,177,145,53,345,246,153,101,11,26,12,38,97,52,188,9,21,28,51,275,2,29,107,115,22,106,15,37,97,89,31,16,93,233,17,16,113
152,2020,Haryana,06,Sirsa,074,378,1157749,607984,549765,219846,98,5,19,106,118,32,119,45,252,328,202,158,18,295,2,42,39,12,191,91,96,0,6,78,288,6,145,237,24,69,5,280,219,120,26,1,12,4,177,193,4,138767,156,19269,142,324,204,138,36,365,281,180,124,15,12,43,36,98,96,148,13,21,60,82,215,7,11,70,82,45,251,2,18,43,43,21,48,68,185,48,29,79
153,2020,Haryana,06,Hisar,063,318,1511531,802646,708885,297628,136,4,17,52,85,24,101,68,202,292,177,105,36,268,6,32,12,18,132,127,59,4,10,132,172,0,121,214,32,15,3,268,180,97,27,7,7,0,132,177,9,201282,188,18165,209,262,188,104,26,310,279,226,159,19,7,46,65,82,83,88,26,50,33,121,114,5,12,27,43,27,241,5,14,22,23,13,13,60,177,54,14,99
154,2020,Haryana,06,Gurugram,062,201,406872,216522,190350,76273,42,6,17,77,52,7,45,22,91,165,123,59,19,67,3,93,38,12,36,36,129,2,2,63,132,2,24,97,17,7,1,176,64,116,11,4,6,0,112,75,14,43325,55,254,43,98,76,76,49,173,103,71,47,12,24,5,7,45,34,115,6,8,8,19,166,5,8,53,76,24,26,4,17,51,74,29,7,78,77,21,18,87
155,2020,Haryana,06,Charki Dadri,701,182,610720,330228,280492,118922,44,1,12,58,54,13,44,13,99,154,110,58,14,133,1,28,20,3,56,55,71,2,13,91,76,0,36,105,1,6,1,174,68,93,15,0,6,3,121,52,6,76145,120,2378,77,142,121,35,26,174,141,97,57,6,6,9,15,43,35,89,9,16,19,24,123,3,10,36,50,24,82,0,15,41,32,12,27,17,95,26,17,31
156,2020,Haryana,06,Nuh,604,453,1764681,922138,842543,231576,58,2,31,152,177,33,142,20,245,348,140,237,76,56,5,305,87,1,39,186,228,6,41,276,120,10,119,264,12,33,4,404,73,221,82,24,53,1,330,83,39,142537,78,17457,51,190,289,99,65,388,275,100,74,8,59,12,38,56,28,331,14,28,16,37,372,7,32,149,145,39,54,3,34,136,177,49,5,20,286,91,51,59
157,2020,Haryana,06,Nuh,604,3,5863,2948,2915,668,0,0,0,0,2,1,0,0,3,3,0,2,1,0,0,3,0,0,0,0,3,0,1,2,0,0,0,2,0,0,0,3,0,3,0,0,0,0,3,0,0,539,0,71,0,1,1,1,1,3,1,0,0,0,0,0,0,2,0,1,0,0,0,0,3,0,0,1,2,0,0,0,0,0,2,1,0,0,3,0,0,0
158,2020,Haryana,06,Panipat,071,202,924324,508364,415960,165695,81,7,19,56,34,5,52,51,109,186,134,55,13,101,4,66,31,15,63,68,71,7,26,119,50,0,73,120,22,10,0,170,85,95,12,1,9,1,129,61,11,113515,109,19126,86,132,137,46,19,192,157,108,84,20,9,11,19,53,27,103,16,23,39,27,113,5,11,50,39,8,104,10,21,29,32,6,8,25,137,18,14,76
203,2020,Sikkim,11,East District,225,116,158677,81488,77189,35100,26,2,4,24,29,31,17,11,32,79,26,57,33,16,83,2,15,0,10,13,93,3,24,49,36,4,36,82,0,7,9,100,11,52,43,1,9,0,92,9,15,25182,7,3411,49,55,57,44,15,74,41,44,28,8,21,30,1,29,5,81,4,5,27,21,63,2,6,24,22,9,41,0,10,22,15,28,7,3,51,27,28,26
159,2020,Haryana,06,Bhiwani,059,373,1390886,735017,655869,279663,109,3,12,102,110,37,74,36,201,352,280,83,10,254,3,81,35,19,70,197,106,1,14,121,237,0,99,293,5,45,0,323,203,140,13,10,7,2,178,183,10,221506,193,9344,206,320,182,144,47,363,293,218,147,18,8,29,31,156,84,102,21,50,67,64,192,0,16,76,83,17,187,1,18,64,73,30,30,49,274,14,6,108
160,2020,Haryana,06,Karnal,067,534,1566656,838423,728233,305769,135,11,66,221,89,12,137,91,279,471,413,90,31,238,4,131,161,18,95,119,320,5,5,84,437,3,188,379,20,33,32,449,438,64,17,5,10,2,391,114,27,215683,255,35435,167,334,336,112,86,465,292,176,133,23,63,30,18,106,93,317,32,45,89,35,365,9,44,168,115,29,201,14,51,139,96,33,44,145,298,20,27,104
161,2020,Haryana,06,Jhajjar,064,277,1018043,540590,477453,203658,99,3,27,79,58,11,152,59,204,252,213,56,8,156,3,82,36,15,63,130,84,9,6,129,132,1,99,206,12,25,8,232,146,99,23,2,7,0,172,97,8,141661,204,2261,156,206,134,72,71,265,213,163,133,25,10,30,37,142,56,42,23,53,49,38,137,2,17,49,48,21,148,1,30,47,29,22,33,68,149,10,17,85
162,2020,Haryana,06,Ambala,058,483,680587,358089,322498,142828,101,13,49,194,107,19,131,59,239,419,398,39,46,268,0,105,110,3,94,64,325,0,2,33,447,1,156,203,31,36,3,413,380,72,7,2,22,6,234,237,6,91947,154,8590,124,272,349,94,40,414,239,157,115,28,63,27,23,60,64,336,28,32,45,29,377,8,39,166,126,38,126,7,68,144,106,32,11,110,295,25,42,111
163,2020,Haryana,06,Jind,065,313,1271343,687861,583482,231015,67,3,10,84,120,29,153,43,283,307,253,35,25,222,3,83,5,27,66,200,47,2,8,194,108,1,46,283,15,7,2,289,31,272,8,0,2,0,48,259,6,178683,94,8164,142,190,248,54,11,309,280,215,132,5,3,14,3,90,41,179,13,21,25,147,120,2,9,45,55,9,240,1,10,19,26,17,1,27,259,22,4,40
164,2020,Haryana,06,Panchkula,070,192,215350,114486,100864,38920,25,3,17,52,54,41,35,12,86,160,107,57,28,75,3,64,50,1,28,18,146,0,0,52,138,2,35,75,8,11,4,169,128,56,3,1,4,2,151,32,7,28404,10,2060,19,114,128,41,23,156,90,54,38,7,34,3,5,24,16,147,9,5,11,19,157,4,11,47,55,40,28,4,12,47,51,50,19,40,97,17,19,19
165,2020,Haryana,06,Fatehabad,061,338,927544,489508,438036,178011,84,9,27,93,99,26,121,40,171,286,183,103,52,216,2,38,82,14,159,79,100,4,7,65,257,5,104,176,26,25,0,287,220,80,10,3,25,0,156,167,15,104217,148,13334,146,232,205,97,36,292,226,165,110,16,38,27,23,107,45,163,14,29,47,66,196,6,24,53,82,31,148,10,21,57,74,28,37,64,185,19,33,56
166,2020,Gujarat,24,Bhavnagar,443,696,1487758,765068,722690,278263,187,13,64,205,141,86,481,120,657,658,380,245,71,543,8,129,16,71,423,144,129,3,5,38,647,3,534,633,139,313,127,117,602,71,8,1,14,30,352,302,12,109855,482,29973,442,679,72,593,31,684,403,180,129,30,11,336,128,116,381,71,185,47,118,276,255,14,33,103,69,36,347,11,34,84,124,96,590,41,14,22,29,657
167,2020,Gujarat,24,Arvalli,672,682,1071823,557308,514515,271743,152,13,39,218,219,41,537,188,622,641,367,255,60,543,20,114,5,19,439,85,158,2,0,35,642,3,587,489,142,399,6,135,480,176,16,1,9,1,238,431,12,136456,101,49246,403,488,116,535,31,651,326,187,123,28,25,138,207,193,157,125,36,21,83,170,408,19,53,191,125,20,206,7,27,156,201,85,248,81,80,97,176,621
168,2020,Gujarat,24,Mahesana,451,664,1718792,897792,821000,415734,290,10,86,172,84,22,557,265,630,647,628,27,9,644,3,11,6,61,567,35,62,3,1,8,652,0,475,584,141,274,48,201,639,20,1,0,4,5,146,507,6,224849,250,33653,438,632,48,591,25,653,416,227,187,42,9,436,46,174,366,78,148,63,111,257,233,6,67,82,62,16,436,6,60,102,45,15,568,66,8,6,16,584
169,2020,Gujarat,24,Amreli,439,619,1139757,581749,558008,267992,133,3,52,166,181,84,416,82,566,589,173,389,57,528,26,48,17,49,343,46,230,6,6,41,564,2,304,531,241,132,30,216,431,152,12,6,18,2,216,384,17,132848,282,27884,420,568,24,579,16,613,316,171,113,21,4,228,29,97,129,364,184,33,92,227,267,4,28,105,88,42,305,6,17,91,103,97,446,39,56,30,48,447
170,2020,Gujarat,24,Mahisagar,669,723,1043200,539843,503357,247212,306,103,209,80,22,3,680,260,705,722,654,60,9,684,12,16,11,150,495,217,11,0,1,30,692,0,519,684,11,480,180,52,612,99,8,3,1,0,111,608,4,118890,369,43850,566,681,15,628,80,695,507,366,297,167,23,508,8,73,576,66,273,79,167,224,253,55,121,53,22,2,608,15,47,29,13,11,315,153,52,196,7,661
171,2020,Gujarat,24,Banas Kantha,441,1278,3277205,1705575,1571630,639742,308,17,61,271,329,292,826,327,1094,1156,627,463,188,944,40,215,79,62,958,93,227,9,21,127,1110,11,718,1082,128,612,53,485,939,215,66,9,49,15,642,556,65,257252,466,75799,692,1165,156,1055,67,1246,747,428,296,56,26,764,172,362,415,329,176,105,229,431,513,14,39,202,181,77,540,18,58,150,263,249,506,157,165,255,195,1062
172,2020,Gujarat,24,Anand,440,363,1645452,863196,782256,402111,167,14,51,92,33,6,353,156,358,355,316,38,9,328,1,33,1,38,311,26,26,0,0,4,359,0,249,351,48,297,0,18,356,6,0,0,1,1,66,296,0,241474,121,29448,301,353,11,329,23,362,214,136,111,13,1,194,90,101,146,26,127,18,83,186,76,11,15,40,8,2,299,3,5,29,17,10,350,10,1,2,0,339
173,2020,Gujarat,24,Porbandar,456,154,306670,157929,148741,67348,29,0,1,34,59,31,112,11,140,139,46,91,17,128,2,21,3,5,88,27,39,0,1,5,147,1,43,127,47,25,8,74,109,35,4,0,6,0,82,71,1,42954,23,2581,95,145,7,90,57,149,95,47,27,1,5,13,10,76,10,58,4,5,16,66,67,0,5,23,23,16,28,0,1,17,43,65,38,16,34,17,49,135
174,2020,Gujarat,24,Surat,459,702,1416786,741410,675376,384390,229,30,97,193,122,31,577,250,650,692,577,108,17,523,78,86,15,64,561,29,112,2,0,14,684,2,309,597,292,115,96,199,532,159,7,0,4,2,279,408,13,204000,357,44032,486,664,40,606,56,676,328,174,132,38,21,166,24,387,99,192,82,49,110,303,240,15,65,125,30,5,308,13,52,134,142,53,485,43,50,89,35,496
175,2020,Gujarat,24,Valsad,462,472,1545607,796788,748819,410863,79,14,59,106,78,136,429,77,443,465,185,221,66,331,40,94,7,22,286,129,57,1,0,33,438,0,213,448,18,220,157,77,127,290,50,2,3,2,271,195,4,268559,159,31717,364,412,22,424,26,470,247,141,112,13,2,118,47,286,58,81,177,28,79,294,71,2,21,18,19,11,126,7,52,78,100,109,28,54,143,186,61,410
176,2020,Gujarat,24,Patan,455,527,1101204,570578,530626,252392,151,28,41,103,148,56,415,135,515,521,494,16,17,524,1,2,0,66,298,197,32,3,1,7,516,0,308,491,79,333,86,29,447,76,4,0,0,0,10,515,2,130686,177,12230,421,507,22,472,33,527,280,130,92,32,0,340,28,305,184,10,72,29,88,339,71,3,14,24,25,5,291,22,32,48,99,35,392,96,22,8,9,440
177,2020,Gujarat,24,Vadodara,461,670,1280001,671042,608959,316386,158,54,116,251,78,13,372,128,589,639,449,176,45,384,39,224,23,69,440,40,190,1,0,44,625,0,319,419,52,119,32,467,613,48,6,0,3,13,331,313,13,173585,134,34358,384,594,41,610,19,648,217,122,89,28,19,128,45,221,132,272,88,27,83,175,385,47,93,169,70,6,209,43,94,148,125,51,482,66,49,51,22,473
178,2020,Gujarat,24,Gandhinagar,446,295,928401,481883,446518,239739,132,8,36,79,37,3,215,114,249,283,200,74,21,234,5,45,11,33,131,93,71,5,2,9,277,2,174,239,13,137,29,116,260,30,0,2,3,15,89,172,19,110905,105,16545,179,279,31,251,13,293,178,152,122,30,2,105,7,105,87,96,42,12,65,91,127,7,16,63,29,12,136,13,37,64,33,12,254,14,4,6,17,196
179,2020,Gujarat,24,Morbi,673,365,723613,375522,348091,164092,107,3,56,122,62,15,341,75,357,357,252,108,5,326,7,31,1,24,307,28,30,1,0,4,360,0,303,294,149,178,12,26,339,24,0,1,1,0,132,232,1,91464,202,6028,285,362,1,353,11,363,280,103,62,12,1,175,8,145,194,18,55,20,46,169,130,5,25,60,29,11,209,6,37,66,29,18,340,10,7,2,6,321
180,2020,Gujarat,24,Navsari,453,391,1018953,514970,503983,298253,124,25,104,90,41,7,228,102,363,366,190,141,60,295,15,59,22,18,186,54,151,0,8,37,346,0,218,304,17,42,138,194,197,168,19,0,7,4,109,273,5,142949,181,26869,298,361,17,350,24,374,181,113,100,8,15,82,7,172,99,113,30,20,62,171,138,10,44,65,18,1,100,22,75,112,58,24,141,75,95,68,12,232
181,2020,Gujarat,24,Surendranagar,460,571,1219970,636596,583374,267156,141,9,31,95,182,113,418,56,507,530,207,300,64,350,38,154,29,41,328,63,180,3,5,29,533,1,380,489,100,254,26,191,334,172,39,9,17,2,390,172,7,113350,208,24506,417,526,19,533,19,564,276,131,88,19,5,214,44,279,110,138,101,38,102,220,211,8,9,68,86,40,284,9,18,43,96,121,283,80,90,72,46,486
182,2020,Gujarat,24,Bharuch,442,661,1217668,640040,577628,322273,142,23,136,203,112,45,550,167,638,651,555,90,16,496,109,49,7,61,544,37,80,2,3,19,637,0,483,496,71,107,68,415,601,48,8,0,4,0,209,445,7,217575,421,36024,481,630,14,621,26,653,379,169,130,31,8,293,52,324,215,70,125,39,79,170,373,13,111,168,67,14,212,15,97,163,105,69,568,42,17,24,10,611
193,2020,Gujarat,24,Narmada,452,550,551867,282102,269765,150119,50,12,63,138,184,103,325,45,441,517,398,120,32,336,60,126,28,13,288,113,149,1,3,12,533,1,274,303,20,26,40,464,276,236,32,1,5,1,341,194,14,75817,315,32342,214,320,96,422,32,524,234,78,51,19,22,66,28,93,294,135,109,20,51,180,299,21,84,111,67,16,154,10,53,106,138,89,131,193,69,71,86,411
183,2020,Gujarat,24,Chhotaudepur,668,901,1183815,610731,573084,278217,89,39,147,281,259,86,743,73,828,855,569,281,51,538,193,146,24,87,769,27,105,7,2,43,844,5,729,673,139,433,74,255,588,278,18,4,13,7,449,427,18,99514,696,51878,422,731,51,827,23,867,306,134,92,29,31,220,127,222,303,249,176,39,93,415,354,33,88,144,67,22,506,33,115,81,106,60,320,187,99,191,104,797
184,2020,Gujarat,24,Dohad,445,741,2442248,1248915,1193333,488347,605,21,20,42,29,24,690,481,694,729,334,304,103,561,32,131,17,142,642,27,72,7,9,93,630,2,508,698,56,177,295,213,332,234,48,100,27,0,335,385,21,191720,548,100522,628,723,46,667,28,736,559,398,285,142,3,284,15,187,371,168,238,35,199,436,71,12,13,21,22,3,579,20,22,47,43,30,18,75,83,361,204,642
185,2020,Gujarat,24,Tapi,641,491,779988,389260,390728,194676,94,41,38,99,107,112,298,80,408,477,260,187,44,390,9,87,5,12,328,40,123,1,1,12,477,0,326,429,45,222,119,105,220,253,15,0,3,0,330,152,9,120371,177,59540,383,390,45,439,7,482,218,84,61,12,9,44,34,169,251,37,66,25,80,195,191,12,30,64,40,45,313,15,26,54,36,47,134,66,134,125,32,406
186,2020,Gujarat,24,Botad,676,191,502856,259412,243444,101344,74,1,10,76,29,1,181,34,187,188,162,28,1,176,10,5,0,13,154,28,9,0,0,2,189,0,143,183,131,53,3,4,185,6,0,0,0,1,74,116,0,57113,138,6698,183,186,0,189,2,189,130,64,47,8,2,164,1,20,165,5,35,13,45,126,7,0,2,2,3,0,97,0,10,67,15,2,186,3,0,0,2,150
187,2020,Gujarat,24,Junagadh,448,502,946316,490415,455901,198868,118,4,31,161,156,32,372,82,483,488,290,194,18,466,13,17,6,27,388,32,82,1,3,19,478,1,332,446,42,317,47,96,416,80,3,1,2,0,113,386,3,110301,227,17071,418,479,8,470,24,493,398,176,98,22,7,197,48,211,186,57,54,28,65,262,147,3,20,67,47,10,247,1,14,68,107,65,222,75,61,97,47,449
188,2020,Gujarat,24,Panch Mahals,454,648,1481361,764206,717155,351495,205,28,57,173,125,60,461,168,551,607,312,226,110,323,87,204,34,76,385,82,181,1,3,115,526,3,404,492,54,179,51,364,154,346,92,14,42,2,322,299,25,110930,305,80876,331,570,78,532,38,628,324,222,190,63,18,210,84,136,165,263,180,28,96,150,374,16,57,150,114,37,269,16,41,129,103,90,200,70,126,116,136,473
189,2020,Gujarat,24,Kachchh,449,989,1698219,901378,796841,396885,173,24,150,152,186,304,583,121,795,883,392,355,242,692,84,147,66,55,518,98,373,5,6,108,859,11,410,639,117,360,85,427,745,166,16,10,52,5,408,521,55,160844,305,20823,535,719,233,663,93,876,420,235,147,38,110,276,61,385,240,303,127,43,141,262,543,23,122,107,154,137,416,21,84,62,110,296,618,41,27,84,219,549
190,2020,Gujarat,24,Dang,444,310,295752,148724,147028,52926,7,1,4,21,62,215,36,4,62,304,97,211,2,228,77,3,2,2,71,4,235,0,0,6,304,0,201,112,0,2,39,269,57,205,44,1,3,0,271,9,30,24609,199,18330,56,98,209,77,24,308,66,37,23,4,2,3,3,16,10,281,6,9,17,26,258,5,18,86,98,51,15,3,8,45,73,166,3,17,107,54,129,59
191,2020,Gujarat,24,Jamnagar,447,426,734250,378812,355438,156249,82,4,10,109,124,97,283,40,409,400,177,212,37,375,9,34,8,21,288,16,122,0,0,9,417,0,230,389,89,234,24,79,371,46,5,2,2,0,200,224,2,95841,113,7282,274,417,6,383,37,423,213,90,50,12,3,80,18,285,70,53,31,20,45,140,221,3,12,72,71,63,103,4,4,43,95,177,333,15,29,24,25,342
192,2020,Gujarat,24,Kheda,450,570,1826280,954146,872134,425579,262,16,82,152,53,5,474,201,539,528,343,127,100,477,8,77,8,67,457,52,61,5,10,49,505,1,434,513,109,344,33,84,390,155,15,3,7,0,138,427,5,176857,260,45197,443,544,42,493,35,565,356,252,171,35,5,258,26,152,271,121,87,31,103,267,169,17,28,84,35,5,274,14,55,136,71,20,453,24,22,47,24,395
194,2020,Gujarat,24,Ahmadabad,438,482,1117232,582315,534917,267130,185,3,38,97,111,48,290,160,418,431,365,87,30,377,11,86,8,64,343,47,92,5,9,30,434,4,269,404,64,270,38,110,401,54,22,3,2,3,199,273,7,108508,200,28150,338,445,61,373,48,469,296,136,93,38,12,253,44,180,185,73,92,46,91,171,174,2,26,58,60,28,261,3,27,33,91,67,333,54,18,9,68,358
195,2020,Gujarat,24,Devbhumi Dwarka,674,248,551943,284034,267909,109734,42,3,18,58,93,34,242,21,244,245,194,48,6,197,17,33,1,18,176,62,10,1,1,8,238,0,239,239,40,187,15,6,225,19,2,0,2,2,98,148,0,67693,206,11242,232,244,1,238,9,247,196,107,55,9,1,93,15,124,101,8,65,29,66,98,55,0,9,21,18,7,187,1,4,11,34,11,48,128,49,18,5,234
196,2020,Gujarat,24,Gir Somnath,675,343,889649,450139,439510,160945,84,1,27,142,79,10,326,66,319,324,252,45,46,276,5,60,2,50,321,9,13,2,1,16,324,0,282,316,18,272,31,22,312,20,3,3,5,0,62,280,1,52633,224,15366,304,334,13,308,22,341,229,109,72,26,1,130,19,85,207,32,69,54,62,196,31,0,6,14,10,1,278,2,15,24,17,7,72,54,100,108,9,317
197,2020,Gujarat,24,Rajkot,457,601,1314574,686986,627588,284296,200,7,126,131,103,34,422,131,563,575,273,289,39,519,10,65,7,24,325,108,168,2,2,19,578,0,402,487,129,233,79,160,505,82,5,1,8,3,133,458,7,137036,246,15098,406,586,19,552,30,595,331,191,122,26,4,135,47,202,255,97,96,39,140,230,192,7,62,72,34,17,192,4,132,82,108,83,524,32,13,10,22,435
198,2020,Gujarat,24,Sabar Kantha,458,730,1311723,679688,632035,333696,237,15,64,205,166,43,485,254,564,617,415,188,127,514,46,124,46,55,395,74,261,16,15,91,594,14,287,532,168,117,33,412,476,148,44,14,48,11,319,348,52,142879,207,45125,458,594,156,507,67,699,375,279,205,86,23,147,42,177,191,320,114,51,141,192,346,9,48,132,128,29,329,18,41,93,153,96,391,40,63,66,170,508
204,2020,Sikkim,11,West District,228,124,137492,69731,67761,31029,20,2,1,12,48,41,13,11,40,89,21,55,48,6,91,3,24,0,13,6,105,7,21,36,49,11,21,84,3,1,19,101,27,64,23,0,10,2,96,14,12,23530,7,5734,43,70,65,39,20,84,44,37,35,8,14,21,8,47,5,64,7,1,27,25,71,2,3,27,26,13,32,2,3,21,38,28,9,1,46,37,31,36
205,2020,Sikkim,11,South District,227,144,133917,66902,67015,29260,23,2,2,17,54,46,17,15,55,111,40,75,29,26,88,6,24,1,18,10,116,3,30,36,69,6,26,84,2,9,26,107,23,69,40,6,6,0,111,16,17,21811,8,2509,54,64,69,49,26,100,48,50,30,2,17,23,5,67,7,65,1,0,32,29,83,3,5,34,35,6,28,4,4,25,47,36,5,4,56,52,27,39
206,2020,Goa,30,North Goa,551,215,589230,304909,284321,171933,103,3,15,46,33,15,84,87,154,208,108,90,17,201,1,2,11,9,19,15,181,0,1,17,189,8,55,132,2,21,8,184,83,118,7,0,7,4,45,155,11,147803,8,23658,113,123,49,146,20,184,109,110,38,13,27,87,5,84,11,115,14,1,18,108,88,2,21,39,20,6,33,2,15,46,66,53,25,81,76,9,24,20
207,2020,Goa,30,South Goa,552,187,603496,306402,297094,164918,84,6,9,29,25,34,75,79,124,168,62,91,34,162,1,1,23,11,10,9,168,3,9,10,161,4,56,100,4,29,6,148,73,62,33,3,16,7,28,128,24,130509,11,14361,86,98,93,80,14,149,71,91,30,15,34,48,4,75,16,92,11,1,22,77,87,4,15,28,16,24,34,3,10,32,53,55,19,53,66,32,17,16
208,2020,Tamil Nadu,33,Namakkal,580,422,1161575,585108,576467,363420,158,11,53,102,71,27,300,114,212,374,211,124,87,337,7,8,70,34,70,237,115,19,6,73,315,9,289,362,2,4,114,302,206,180,22,0,14,9,122,243,48,243253,287,22501,268,342,100,267,55,355,178,105,85,38,60,323,55,63,52,252,68,37,50,134,201,8,32,101,42,18,120,8,39,126,86,43,41,35,229,51,66,145
209,2020,Tamil Nadu,33,Theni,588,155,657488,333080,324408,223222,66,2,21,28,29,9,106,76,98,134,92,31,32,111,3,30,11,6,29,109,17,6,5,39,104,1,103,140,7,2,13,133,98,46,5,0,6,7,45,93,10,134922,114,12271,108,142,58,75,22,134,108,81,64,18,12,135,26,47,13,69,16,17,34,64,40,0,15,11,12,2,68,3,22,31,25,6,12,26,94,16,7,40
210,2020,Tamil Nadu,33,Thiruvallur,589,738,2105157,1056978,1048179,634464,165,18,59,212,232,52,449,153,232,581,380,213,145,442,13,126,157,43,138,290,310,27,27,142,523,19,303,609,9,45,99,585,487,189,48,4,10,7,442,179,110,329495,317,51077,314,602,281,281,176,623,338,176,107,63,91,555,83,80,87,488,115,49,110,92,487,15,43,185,204,40,95,12,62,225,251,93,105,35,122,95,381,336
211,2020,Tamil Nadu,33,Kallakurichi,729,585,1433347,733807,699540,359978,101,11,41,162,194,76,353,82,246,409,167,171,247,461,8,61,55,57,145,188,252,29,11,111,425,9,270,511,17,14,95,459,224,284,55,8,14,8,351,165,61,223082,377,62475,248,451,268,223,94,513,279,159,125,79,51,444,55,107,61,362,185,44,138,135,268,4,22,116,98,28,89,4,36,131,218,107,51,47,183,127,177,228
212,2020,Tamil Nadu,33,Nagapattinam,579,505,1500430,735698,764732,442086,132,12,68,155,126,12,356,111,210,421,313,122,70,381,9,59,56,28,93,324,88,22,19,143,316,5,276,478,10,18,72,405,285,169,42,1,8,18,276,174,37,265740,296,112599,346,464,141,277,87,468,259,149,110,35,21,446,120,91,42,252,102,49,76,94,286,13,50,128,85,10,109,11,56,164,149,16,125,7,28,46,299,132
213,2020,Tamil Nadu,33,Tiruppur,634,310,1555533,776010,779523,479651,108,2,22,69,88,21,216,95,183,275,155,122,33,271,4,14,21,8,58,182,70,3,2,84,220,1,269,298,10,4,96,200,141,144,18,1,6,9,124,159,18,315486,224,20136,223,288,67,197,46,292,168,89,64,32,6,266,54,67,33,156,27,40,51,106,113,2,11,50,39,11,116,6,22,78,61,27,52,21,153,27,57,117
214,2020,Tamil Nadu,33,Perambalur,581,169,545096,274697,270399,197778,53,1,13,47,39,16,111,43,80,142,67,65,37,139,1,8,21,4,51,90,28,10,14,36,107,2,96,150,0,3,56,110,69,76,14,3,7,10,87,39,33,90259,108,21566,129,134,54,87,28,152,106,76,60,16,14,124,32,29,16,92,24,8,45,48,68,2,9,29,20,8,54,2,9,41,49,14,21,24,67,38,19,62
215,2020,Tamil Nadu,33,Vellore,595,357,1034861,516172,518689,271263,113,5,43,112,66,18,210,85,145,279,156,96,105,238,15,65,39,53,70,150,137,26,15,58,244,14,155,314,4,19,83,251,164,139,46,2,6,5,115,187,50,118607,201,18669,219,295,160,131,66,326,190,122,87,52,25,274,43,58,53,203,57,49,91,54,163,5,26,74,44,14,103,7,29,100,90,28,63,37,82,65,110,128
216,2020,Tamil Nadu,33,Tuticorin,594,475,1170871,575519,595352,401043,125,9,47,122,135,37,315,88,243,406,220,125,130,364,9,58,44,19,150,281,44,28,14,84,337,12,196,436,38,11,32,394,283,126,45,8,13,25,232,168,50,209704,256,26635,274,426,177,247,51,443,248,134,103,41,15,404,120,98,41,216,105,43,74,121,237,7,24,104,79,23,98,4,36,124,165,48,69,51,220,49,86,111
217,2020,Tamil Nadu,33,Ariyalur,610,249,829287,417665,411622,259420,89,6,12,67,65,10,167,58,101,217,97,70,82,221,5,8,15,13,51,171,27,17,10,82,140,0,140,242,2,5,64,178,134,98,15,2,0,4,195,36,14,132613,147,47216,209,225,56,131,62,241,164,127,82,23,2,211,87,47,34,81,58,25,59,71,94,1,10,42,29,12,61,3,18,69,68,30,35,27,56,55,76,107
218,2020,Tamil Nadu,33,Tiruchirappalli,591,517,1649151,821037,828114,545875,161,21,43,131,119,42,289,117,225,427,224,169,124,435,7,13,62,30,101,153,263,18,17,120,334,28,287,453,2,12,172,331,276,183,28,2,28,10,243,198,66,287013,287,51175,357,447,225,218,74,464,252,200,140,57,41,416,81,78,93,265,72,48,89,149,231,19,30,67,78,37,139,20,45,130,132,51,69,37,176,57,178,172
219,2020,Tamil Nadu,33,Virudhunagar,597,722,1491044,739068,751976,536356,168,22,63,172,202,95,300,107,171,533,284,184,254,487,14,82,139,27,116,271,335,39,22,154,434,73,258,488,7,9,25,681,332,243,65,10,72,18,351,150,203,276026,300,25559,231,468,416,168,138,545,242,177,143,59,156,423,93,86,66,477,108,36,78,151,457,16,61,148,169,63,118,17,52,177,235,123,42,84,314,73,209,125
220,2020,Tamil Nadu,33,Cuddalore,570,868,2096748,1058354,1038394,592772,154,45,115,298,227,29,542,110,302,677,401,255,212,679,8,77,104,33,208,415,245,21,13,222,588,24,365,768,2,13,96,757,518,239,73,7,31,15,516,258,79,367813,464,77920,386,684,339,405,124,744,363,180,113,45,93,653,113,135,119,501,82,35,111,98,624,37,81,257,214,35,140,26,103,257,269,73,90,19,100,188,471,222
221,2020,Tamil Nadu,33,Kanchipuram,574,463,1089443,550980,538463,306613,93,13,43,167,114,33,200,78,127,337,243,109,111,319,9,45,90,15,173,138,152,7,11,113,323,9,189,363,3,40,79,341,368,61,13,6,15,0,315,115,33,142070,177,17295,154,326,187,198,78,316,150,66,63,42,114,324,37,50,123,253,88,51,84,92,236,2,28,112,70,24,54,9,43,126,162,69,138,33,83,55,154,182
222,2020,Tamil Nadu,33,Villupuram,596,925,1913762,964900,948862,483673,165,28,98,312,282,40,562,118,220,782,403,137,385,687,7,138,93,61,181,358,386,25,19,313,557,11,424,820,8,22,53,842,495,348,51,9,22,18,571,224,112,304472,496,52174,403,716,408,401,116,812,394,225,175,64,97,703,131,116,128,550,160,65,112,239,509,24,58,219,179,29,134,23,81,277,309,101,146,29,56,114,580,370
223,2020,Tamil Nadu,33,Sivaganga,585,733,1438344,714927,723417,453498,166,10,46,199,242,70,317,105,166,562,301,196,236,573,20,90,50,22,143,300,290,6,15,235,461,16,224,578,4,9,121,599,352,259,81,2,39,17,502,133,81,245625,243,23615,327,550,313,332,88,586,328,156,117,60,96,515,106,137,97,393,104,42,113,187,391,12,43,112,172,52,132,9,34,168,277,113,88,55,97,103,390,184
224,2020,Tamil Nadu,33,Erode,573,319,1322047,673322,648725,501730,153,4,29,61,45,27,207,127,169,294,176,58,85,269,5,8,37,11,66,153,100,18,5,48,238,10,217,292,5,5,90,219,197,81,23,3,15,26,77,183,33,251480,116,44323,240,285,117,147,55,287,187,126,83,37,21,267,54,56,52,157,38,45,62,117,95,3,17,36,26,13,137,7,15,79,42,39,33,35,132,90,29,107
225,2020,Tamil Nadu,33,Thanjavur,586,843,1941305,965587,975718,613408,191,33,115,332,153,19,403,187,300,758,448,157,238,696,23,43,81,73,134,349,360,40,19,167,601,16,349,714,15,16,135,677,605,130,30,9,69,22,337,371,113,268544,348,99146,475,660,507,234,102,733,314,229,171,80,84,622,101,74,119,549,106,91,136,148,468,22,80,218,125,23,193,20,100,296,203,31,136,44,80,68,515,220
226,2020,Tamil Nadu,33,Coimbatore,569,241,1235816,616128,619688,403119,137,4,24,39,30,7,199,123,138,220,143,57,41,228,1,5,7,12,51,134,56,12,5,50,174,0,187,224,9,4,112,116,121,99,20,1,0,7,76,136,22,231236,168,21642,171,229,75,136,30,225,142,86,70,38,6,218,40,54,54,93,33,34,33,80,94,2,16,33,36,7,83,2,21,71,48,16,30,31,133,28,19,67
227,2020,Tamil Nadu,33,Kanniyakumari,575,128,844869,422414,422455,275170,77,3,16,20,8,4,100,76,110,117,65,54,9,113,3,9,3,6,26,72,30,1,1,18,107,1,102,127,13,51,4,60,68,48,10,2,0,1,26,94,7,201249,97,8163,97,124,8,100,20,120,93,73,55,28,3,117,29,14,16,69,31,15,29,57,27,2,3,8,13,1,41,1,7,30,37,12,19,10,79,9,11,14
228,2020,Tamil Nadu,33,Tirupathur,732,275,941435,477573,463862,293348,86,4,34,87,51,13,161,77,93,178,46,96,133,167,13,57,38,32,57,108,110,15,18,121,112,9,126,218,3,16,68,188,55,129,69,6,16,5,121,101,48,109545,141,24866,154,209,132,98,45,233,165,111,79,39,30,205,22,40,46,167,54,30,67,52,126,3,8,60,39,16,63,5,20,87,76,24,22,27,78,46,102,102
229,2020,Tamil Nadu,33,Tenkasi,733,259,1204293,594586,609707,362566,83,5,28,73,62,8,180,88,164,229,143,60,56,220,2,26,11,23,90,135,34,13,4,53,185,4,147,240,7,6,20,226,129,86,35,2,7,8,81,142,28,199121,182,26557,187,236,72,123,64,238,155,97,74,22,13,221,43,51,28,137,79,30,51,78,100,6,18,42,27,7,71,4,24,77,68,15,28,44,148,18,21,69
230,2020,Tamil Nadu,33,Tiruvannamalai,593,1157,2305631,1153311,1152320,628396,169,20,100,416,350,102,726,155,303,907,441,430,286,799,17,139,202,20,195,507,455,32,39,285,789,12,493,1045,3,11,91,1052,682,404,43,3,25,15,849,202,91,348455,585,52154,481,979,246,659,252,1023,471,284,187,45,105,946,246,255,93,563,163,63,147,237,710,19,86,307,232,66,165,18,81,374,385,134,186,103,227,145,496,490
231,2020,Tamil Nadu,33,Dindigul,572,389,1752532,887967,864565,536784,161,8,28,87,79,26,254,126,182,334,196,116,77,319,6,28,36,17,108,192,89,18,13,63,273,22,223,344,33,9,98,249,173,166,32,1,17,13,170,168,38,319855,249,44957,289,336,108,224,57,346,225,146,108,55,31,302,65,67,43,214,70,36,83,148,122,4,18,50,35,15,143,8,27,80,83,48,54,50,187,50,48,114
255,2020,Punjab,03,Faridkot,029,259,528825,283484,245341,98885,75,12,21,75,62,14,63,54,101,171,76,76,107,207,1,33,18,11,39,14,206,5,5,16,231,2,37,93,28,35,38,158,62,137,25,1,34,0,114,131,14,69197,31,1653,68,119,126,92,41,213,151,105,69,17,42,30,7,103,38,111,11,38,26,38,157,10,13,62,55,17,53,10,18,72,83,23,10,16,109,61,63,22
232,2020,Tamil Nadu,33,Salem,584,635,2158976,1118424,1040552,703455,183,13,62,140,133,104,390,149,335,494,318,155,162,488,20,16,111,37,135,277,223,40,14,99,440,42,396,521,4,7,154,470,278,227,69,6,55,17,240,285,93,354045,343,61645,371,461,221,318,96,513,312,185,126,52,109,411,101,96,61,377,74,58,107,207,263,11,24,89,83,56,168,12,58,170,136,91,77,49,223,99,187,243
233,2020,Tamil Nadu,33,Tirunelveli,592,273,991048,485768,505280,323101,85,3,24,63,83,15,203,69,149,231,129,72,72,207,4,38,24,17,58,162,53,14,3,39,211,6,162,237,8,9,13,243,118,119,26,3,7,9,104,126,34,177113,165,22098,180,233,84,131,58,238,150,91,69,30,26,220,53,44,43,133,47,13,44,84,132,8,21,50,43,10,61,7,33,58,82,32,32,31,121,41,48,107
234,2020,Tamil Nadu,33,Pudukkottai,582,862,1599509,790890,808619,442910,152,8,50,239,310,103,345,116,197,679,359,180,323,607,24,59,172,20,107,293,462,26,30,248,539,19,258,643,2,11,116,733,363,354,80,18,47,15,615,107,125,209348,312,63087,310,570,440,254,168,646,336,185,126,41,185,495,78,125,91,568,148,39,107,117,599,6,46,208,240,99,150,4,46,201,325,136,67,34,78,94,589,283
235,2020,Tamil Nadu,33,Karur,576,176,714845,360368,354477,212965,76,3,17,28,41,11,156,53,109,164,128,43,5,161,1,0,14,13,64,101,11,4,0,53,118,1,110,169,2,1,78,95,116,47,12,0,1,0,99,70,7,152210,117,35210,153,167,23,116,37,168,122,80,60,28,3,169,31,45,45,55,34,15,40,89,32,0,3,9,17,3,83,1,6,30,46,10,29,11,58,32,46,62
245,2020,Punjab,03,Tarn Taran,609,609,1207832,637521,570311,203035,88,59,56,192,172,42,82,74,108,311,140,190,279,337,18,149,105,27,36,61,512,15,17,162,394,21,60,101,68,31,39,471,116,231,101,13,148,2,411,130,66,90809,27,7179,139,76,392,120,97,432,247,173,113,32,146,26,61,116,95,337,39,87,77,86,359,21,42,136,127,33,99,52,46,180,176,56,18,21,223,98,249,27
236,2020,Tamil Nadu,33,Krishnagiri,577,718,2074308,1063019,1011289,541159,154,12,47,240,188,77,365,144,267,540,292,177,249,563,11,61,83,35,129,287,302,21,22,176,483,16,265,532,22,13,105,578,361,254,68,3,32,4,393,224,97,300941,303,56947,352,479,323,318,77,567,354,258,163,50,129,443,49,87,113,469,122,74,144,143,357,14,51,145,128,19,156,18,43,183,217,101,142,60,217,133,166,217
237,2020,Tamil Nadu,33,Thiruvarur,590,553,1133917,568006,565911,335877,121,15,67,219,120,11,302,109,187,433,273,150,130,343,41,92,77,38,74,282,197,37,33,167,309,7,236,493,7,38,61,447,388,126,25,7,7,7,233,235,78,158591,264,75687,323,478,230,239,84,498,276,148,88,29,42,448,125,107,61,260,114,39,103,74,337,12,37,182,98,8,122,14,52,213,138,14,128,11,29,35,350,148
238,2020,Tamil Nadu,33,The Nilgiris,587,49,382362,188015,194347,120195,34,0,0,3,5,7,43,32,41,45,21,26,2,40,4,4,1,4,19,22,8,0,0,7,42,0,33,42,0,2,6,41,41,8,0,0,0,2,16,31,0,70957,38,4168,44,44,1,44,4,44,39,37,28,0,4,48,3,23,15,8,8,5,20,16,8,0,0,1,4,3,23,0,0,3,9,14,9,6,26,6,2,33
239,2020,Tamil Nadu,33,Dharmapuri,571,509,1466171,758769,707402,408421,139,15,41,154,131,29,297,118,262,437,267,127,115,390,15,43,61,51,182,165,162,21,26,163,292,7,271,408,6,19,135,349,188,253,50,4,14,8,311,133,57,223252,277,39566,274,359,172,306,31,435,326,251,187,95,61,309,34,90,88,297,96,72,106,104,227,10,38,98,58,23,137,12,38,143,129,50,107,71,85,92,154,221
240,2020,Tamil Nadu,33,Ramanathapuram,583,512,1369140,680375,688765,415099,104,6,32,131,176,63,313,72,232,418,218,128,166,352,8,115,37,26,188,268,56,33,17,171,279,12,164,428,35,18,96,363,131,193,117,20,51,13,372,77,50,255227,210,67005,270,425,174,264,74,473,255,148,101,46,24,443,102,119,59,232,83,32,96,148,236,3,21,88,93,31,88,8,30,110,204,72,63,23,60,49,317,155
241,2020,Tamil Nadu,33,Madurai,578,635,1613058,813168,799890,542156,149,26,82,183,150,45,394,131,210,524,377,133,125,509,8,51,67,13,152,226,257,40,11,165,394,25,313,515,5,9,89,532,285,258,59,6,27,16,385,145,89,299897,347,37290,288,481,305,242,88,513,282,162,113,49,104,441,85,88,55,407,64,48,65,159,363,21,50,159,116,17,120,31,61,185,166,72,64,92,323,82,74,134
242,2020,Tamil Nadu,33,Ranipet,731,337,884136,450864,433272,224618,72,7,32,133,87,6,140,47,71,264,152,96,89,189,9,83,56,25,63,129,145,12,9,103,206,7,129,295,2,4,49,282,118,196,13,0,10,3,167,100,67,124664,173,15798,159,265,130,129,78,300,165,89,73,29,29,266,22,56,43,216,31,49,30,82,176,5,15,80,65,11,52,4,25,119,118,19,37,24,104,56,116,142
243,2020,Tamil Nadu,33,Chengalpattu,730,655,1574479,786775,787704,448025,112,7,61,239,204,32,365,107,209,526,297,136,222,370,9,145,131,22,208,237,210,14,18,133,467,23,262,522,3,20,46,586,403,188,32,2,30,8,364,166,117,252962,243,40532,220,436,313,232,110,472,242,125,76,58,153,396,75,57,52,471,94,34,77,68,476,17,39,207,172,41,86,12,44,215,240,58,121,18,67,90,359,295
244,2020,Punjab,03,Moga,038,374,813642,429032,384610,156653,98,14,27,143,70,22,128,72,216,341,81,144,149,252,0,71,51,11,72,10,292,1,2,30,336,5,148,239,32,83,13,246,53,224,44,2,51,0,137,216,21,105558,68,991,152,163,90,155,129,294,169,131,80,13,75,16,40,122,25,187,13,19,34,77,244,10,25,112,78,19,115,7,30,111,87,24,4,23,257,45,45,10
510,2020,Mizoram,15,Lawngtlai,264,183,164583,82572,82011,36378,7,10,9,13,19,125,17,3,33,87,10,53,120,2,24,28,129,1,11,10,162,44,31,36,23,49,19,86,5,8,20,150,8,25,33,9,108,0,120,11,52,15453,64,11180,34,68,116,12,55,171,115,44,16,2,10,8,12,50,16,105,0,2,8,51,122,5,9,15,25,68,6,10,6,11,19,131,6,0,19,29,129,19
246,2020,Punjab,03,Fazilka,651,491,983592,519001,464591,180950,88,2,32,193,158,18,94,73,347,432,211,177,103,250,2,166,73,27,69,51,371,2,2,49,434,4,99,303,50,65,8,368,186,214,59,4,28,0,58,412,21,139176,40,10394,155,353,146,238,107,427,209,131,86,17,63,47,20,182,35,254,27,11,31,103,346,2,31,164,125,24,119,4,29,155,141,43,7,29,349,54,52,80
247,2020,Punjab,03,Ludhiana,036,1016,1733019,919679,813340,360713,410,12,55,313,193,33,389,369,363,688,144,490,382,802,6,102,106,27,204,208,604,0,5,310,691,10,196,507,230,141,72,573,303,497,161,17,38,0,166,814,36,159420,110,9554,398,736,407,447,162,911,672,560,472,89,69,106,27,299,431,259,93,60,103,225,628,9,52,306,217,44,281,16,103,344,232,40,134,107,549,131,95,160
248,2020,Punjab,03,Barnala,605,183,486682,267282,219400,96007,53,3,24,53,46,4,65,46,121,130,7,109,67,178,0,0,5,4,11,8,164,1,1,27,152,2,69,102,14,14,0,155,10,145,12,0,16,6,31,139,7,55291,11,2558,67,92,46,135,2,142,83,71,36,3,39,28,25,50,34,74,6,6,29,41,107,2,12,57,32,4,53,2,24,51,34,19,3,15,97,43,25,23
249,2020,Punjab,03,Mansa,037,247,616516,326809,289707,119321,43,0,3,60,133,8,45,27,68,220,96,103,48,236,0,0,11,2,11,10,226,0,0,54,193,0,19,181,8,12,9,218,5,237,3,0,2,0,146,99,2,82670,2,4715,70,120,104,74,69,240,157,94,50,8,7,32,2,208,18,19,8,24,15,58,150,0,4,34,108,4,68,0,3,34,130,12,0,10,210,23,4,50
250,2020,Punjab,03,Jalandhar,034,998,1179510,616576,562934,247915,193,24,131,487,149,14,202,141,421,776,203,343,452,541,4,193,260,20,76,56,866,9,16,272,696,5,43,377,29,78,31,860,484,376,44,9,85,3,391,562,42,159431,19,8256,235,483,420,435,143,804,315,214,168,24,180,47,92,170,197,539,26,36,72,72,818,24,77,458,217,42,127,17,101,458,249,46,110,91,511,100,186,54
251,2020,Punjab,03,Gurdaspur,032,1477,1569302,822074,747228,285278,136,35,196,821,275,14,179,109,461,1136,231,647,599,925,67,258,227,25,18,121,1338,3,71,378,1003,22,98,566,128,52,16,1281,201,802,216,14,244,2,543,830,102,222884,68,7300,187,193,857,312,308,1081,406,222,143,26,342,12,60,425,206,786,47,33,80,72,1292,45,183,760,291,13,171,38,213,756,269,30,17,250,847,161,202,37
252,2020,Punjab,03,Patiala,041,1111,1346309,706763,639546,250269,155,27,100,428,345,56,191,117,537,1029,280,413,418,711,2,194,204,12,68,86,957,0,2,173,921,15,162,704,33,256,48,774,556,472,38,3,42,2,376,698,35,197930,37,9963,151,337,261,666,184,916,376,184,105,23,186,11,53,262,48,748,24,34,55,117,905,19,78,401,335,72,148,15,70,408,369,101,35,39,772,156,109,137
253,2020,Punjab,03,Sri Muktsar Sahib,039,275,875008,456790,418218,151772,77,1,8,89,75,25,36,63,147,246,48,173,54,229,0,24,22,12,39,52,184,1,7,64,187,16,68,143,59,29,10,177,121,126,8,1,19,1,139,119,16,89644,25,5081,140,172,86,118,71,249,196,156,90,11,20,10,57,60,21,137,16,17,20,87,151,4,10,47,63,27,92,2,12,48,78,43,5,18,143,66,43,58
254,2020,Punjab,03,Fatehgarh Sahib,030,454,437739,232769,204970,85037,57,6,54,191,129,17,74,40,231,373,193,110,151,275,1,50,128,5,27,47,380,0,2,79,371,2,190,208,24,51,9,370,229,174,25,4,22,1,137,305,11,60260,17,6484,58,184,226,119,109,403,183,69,45,8,44,6,85,164,38,167,11,20,52,34,348,13,30,193,95,17,53,9,26,181,147,38,31,45,214,92,72,64
511,2020,Mizoram,15,Aizawl,261,71,106205,52736,53469,24315,16,6,4,6,17,22,15,6,23,63,2,54,15,6,25,23,17,0,10,11,50,4,1,13,53,0,26,63,4,16,7,44,15,28,9,1,18,0,58,10,3,17926,19,832,37,47,10,15,46,70,68,47,13,2,1,48,5,36,22,8,0,2,10,39,20,2,3,6,3,6,17,1,5,3,16,29,5,5,33,12,16,10
256,2020,Punjab,03,Pathankot,662,514,538583,283293,255290,118647,32,22,84,246,91,39,73,30,152,367,84,198,232,261,8,142,103,14,23,77,414,2,30,222,256,4,68,160,10,41,27,436,74,330,55,3,52,0,308,176,30,74631,8,6184,40,165,241,187,86,325,110,67,46,7,185,4,16,63,40,395,6,12,37,19,446,18,49,256,87,36,34,14,61,249,113,43,8,29,359,70,48,13
257,2020,Punjab,03,Amritsar,027,956,1436184,756709,679475,255659,157,20,75,403,234,67,288,137,602,847,248,365,343,683,13,145,115,31,35,45,876,2,40,368,529,17,238,505,89,230,7,630,161,606,110,4,75,2,612,303,39,142030,39,3910,235,186,125,623,208,722,358,212,128,34,209,38,58,354,79,465,39,38,100,62,756,21,76,349,250,60,213,15,74,333,247,74,13,268,450,137,88,124
258,2020,Punjab,03,Shahid Bhagat Singh Nagar,040,519,551980,286027,265953,113593,114,16,76,234,77,2,163,71,360,480,171,131,217,364,2,58,95,22,111,40,368,1,7,169,338,4,177,213,16,113,7,383,345,149,4,2,19,0,203,305,11,94524,23,1508,165,381,129,326,64,419,190,113,76,10,96,43,107,211,44,157,20,48,54,57,360,13,55,207,81,4,88,10,66,240,110,5,16,34,386,39,44,31
259,2020,Punjab,03,Sangrur,043,624,1373200,735912,637288,253120,221,22,40,180,122,39,244,171,401,511,203,169,252,527,5,49,43,93,190,75,359,12,6,154,442,10,144,340,252,27,13,332,224,305,50,6,39,22,221,346,35,119605,119,4697,235,354,242,183,199,590,378,285,210,79,31,141,109,164,107,244,123,143,86,98,297,19,31,114,98,35,250,17,40,130,130,57,39,74,272,133,106,154
280,2020,Karnataka,29,Udupi,549,248,996082,484544,511538,255547,155,12,19,40,19,3,149,129,232,229,24,184,40,201,4,40,3,13,108,52,88,2,7,56,183,0,114,197,3,21,58,166,23,136,82,5,2,16,40,176,16,191088,136,29808,229,171,37,198,13,237,199,145,76,26,6,168,4,93,34,117,24,6,76,110,56,2,12,30,11,1,101,10,18,59,46,14,38,24,77,84,25,123
260,2020,Punjab,03,Firozepur,031,887,898955,476795,422160,178331,67,11,61,363,305,80,138,47,423,646,126,325,436,394,58,167,268,51,59,62,766,2,22,155,665,43,259,338,74,79,37,697,69,415,219,8,176,2,269,471,145,95601,54,12530,107,378,547,228,112,555,199,117,83,11,301,16,40,108,128,611,25,31,64,48,744,3,41,268,337,95,86,6,41,270,367,117,22,93,386,169,217,47
261,2020,Punjab,03,Bathinda,028,319,893529,471624,421905,164284,92,4,12,121,81,9,142,68,249,278,27,165,127,311,0,0,8,19,18,75,226,0,0,12,306,1,75,161,54,8,7,250,87,166,49,1,16,0,42,275,2,114138,29,2560,148,190,63,219,37,298,229,170,112,13,19,24,25,136,68,90,17,20,44,108,147,7,19,69,43,9,183,5,13,54,52,12,10,39,249,8,13,84
262,2020,Punjab,03,Kapurthala,035,822,594376,308932,285444,117049,132,12,54,310,210,104,135,106,218,398,127,171,524,313,11,172,326,53,28,19,775,1,25,251,508,37,157,137,39,42,13,728,200,342,78,7,195,1,475,224,122,65502,47,4431,123,225,454,219,149,499,234,169,116,66,315,51,76,109,148,489,47,35,45,55,687,6,54,272,253,102,97,9,47,278,274,117,42,26,160,97,497,57
263,2020,Punjab,03,Rupnagar,042,711,685229,361762,323467,120408,63,15,107,387,129,10,113,35,429,528,87,373,251,352,3,155,201,8,53,59,599,1,1,156,548,5,130,161,8,33,5,665,226,379,63,3,40,4,275,405,27,75473,34,5465,82,271,245,318,148,559,270,118,66,10,148,3,38,182,38,453,5,20,57,43,591,20,95,362,100,14,67,16,79,346,184,19,22,37,366,196,90,77
362,2020,Andaman and Nicobar Islands,35,South Andamans,602,73,102313,53183,49130,24378,20,1,8,19,13,12,24,17,54,63,16,48,9,65,0,4,4,0,3,21,49,2,2,7,58,4,14,50,1,29,1,42,18,49,3,0,3,1,10,60,2,19132,1,2709,28,24,31,40,2,53,32,18,16,0,13,6,5,30,5,33,3,5,11,26,31,2,5,15,3,6,23,1,9,21,13,6,10,3,52,7,1,16
264,2020,Punjab,03,Hoshiarpur,033,1571,1420491,739249,681242,290145,202,73,230,721,313,32,296,134,741,1397,313,694,564,1070,21,216,264,12,268,66,1237,2,11,527,1025,6,297,440,19,152,30,1370,561,829,149,4,28,3,471,1039,58,237709,26,8887,322,959,473,664,434,1230,481,273,152,17,323,31,115,440,122,894,22,43,146,173,1209,53,206,601,281,68,136,34,164,626,441,170,51,162,1096,163,99,159
265,2020,Punjab,03,S.A.S Nagar,608,377,512142,275184,236958,96757,70,6,42,183,73,3,98,72,205,278,88,148,141,201,16,89,71,4,39,61,277,1,3,77,293,3,179,112,8,99,20,250,146,177,44,0,10,1,158,209,9,59080,3,6565,52,94,81,202,94,319,149,70,46,7,51,8,11,191,67,108,10,24,40,49,264,7,30,142,80,5,40,7,18,203,102,7,5,74,230,23,45,6
266,2020,Karnataka,29,Mandya,544,1619,1690220,862488,827732,407128,175,48,170,593,506,127,644,135,618,1120,163,659,797,861,29,427,302,44,281,144,1194,32,132,460,900,95,433,600,14,18,176,1411,679,596,163,28,153,15,871,513,220,260400,236,90524,358,347,929,518,172,1225,679,276,150,35,368,275,62,222,197,1138,72,38,246,83,1252,42,144,477,407,182,246,61,175,493,449,195,127,118,625,535,214,312
267,2020,Karnataka,29,Chikkamagaluru,532,1024,959631,482811,476820,239630,137,21,88,307,346,125,306,83,455,750,82,567,375,532,15,305,172,12,200,55,769,22,172,465,338,27,263,363,5,13,86,920,285,543,133,10,53,15,425,457,127,162264,170,46911,283,278,427,502,95,767,470,180,75,19,235,266,17,239,69,699,17,7,149,106,762,15,75,298,270,104,153,16,78,276,312,189,23,68,479,377,77,274
512,2020,Mizoram,15,Saitual,727,44,61108,30747,30361,12347,8,3,1,2,5,25,6,4,26,36,1,39,4,6,18,4,16,1,2,6,36,0,0,10,34,0,7,39,4,1,15,24,8,22,5,0,9,0,39,4,1,9234,9,205,25,22,6,6,32,44,44,38,12,1,0,38,2,25,16,1,3,2,5,28,9,0,3,0,3,3,4,0,2,6,6,26,2,1,20,15,6,10
268,2020,Karnataka,29,Bengaluru Urban,525,780,1324761,698086,626675,340144,130,36,132,319,143,20,181,142,372,642,294,321,165,693,4,32,51,15,133,63,584,16,13,276,466,9,186,319,36,23,94,627,379,263,89,7,42,5,284,434,57,201876,113,34825,106,149,465,285,30,561,259,126,63,33,205,121,21,117,108,534,23,8,103,52,617,25,104,291,177,20,90,22,91,349,190,38,170,222,169,161,58,187
269,2020,Karnataka,29,Koppal,543,644,1298087,671089,626998,271476,79,10,33,161,258,103,179,40,194,515,89,334,221,451,6,130,57,13,82,93,469,9,60,185,363,27,106,254,6,5,123,510,149,310,129,13,43,9,388,109,138,113271,71,71659,213,185,361,206,77,583,345,169,60,17,45,158,9,78,104,453,34,18,108,91,427,14,31,165,167,50,96,12,26,138,251,121,26,55,237,253,73,112
270,2020,Karnataka,29,Bagalkot,524,664,1500698,774261,726437,306104,128,35,36,136,237,92,187,58,198,474,120,292,252,449,17,118,80,27,133,106,425,24,57,155,401,27,122,271,15,10,162,477,143,336,111,10,64,19,303,170,172,113028,70,66880,302,278,280,321,63,622,380,241,89,25,33,207,16,122,115,411,30,18,138,69,439,13,22,101,195,108,131,18,27,140,214,134,30,55,194,214,171,134
271,2020,Karnataka,29,Dharwad,536,359,986220,515516,470704,209040,94,6,19,97,107,36,148,47,155,281,58,184,117,324,3,4,28,20,86,69,204,12,11,95,225,16,101,193,3,4,100,252,125,167,43,3,21,17,174,118,50,95000,53,62963,162,174,155,165,39,333,232,134,65,19,13,149,21,83,58,197,18,6,76,53,224,4,23,69,99,29,101,8,23,76,98,53,49,39,103,94,74,103
413,2020,Kerala,32,Kottayam,560,123,1680529,823664,856865,423588,100,0,6,16,0,1,25,92,118,117,51,68,4,119,1,2,1,5,19,64,40,2,0,1,120,0,106,108,7,34,20,62,2,94,25,0,2,0,1,122,0,375327,69,1615,98,72,40,77,6,109,103,97,87,39,13,87,1,49,6,67,31,22,51,14,36,3,6,23,4,0,76,0,9,22,15,1,15,24,35,44,5,1
272,2020,Karnataka,29,Shivamogga,547,1726,1288163,654293,633870,317617,152,41,100,490,701,242,329,105,562,1078,108,642,976,935,24,293,474,21,267,136,1323,47,294,723,567,95,420,417,5,21,120,1580,433,710,284,51,248,30,771,578,347,211069,223,57924,341,387,1061,563,102,1173,698,252,112,33,488,312,27,255,129,1315,36,20,180,116,1410,41,104,485,581,199,182,36,93,459,605,351,30,61,530,725,380,342
273,2020,Karnataka,29,Hassan,539,2668,1683341,859618,823723,436234,217,85,279,996,839,252,508,131,684,1781,427,1197,1044,1402,99,732,435,37,467,137,2064,49,295,937,1244,143,518,666,19,15,199,2435,741,1188,368,56,315,35,1735,522,376,265993,182,77145,402,510,1644,733,291,1709,784,320,172,40,920,297,24,375,165,2104,64,25,297,78,2268,84,264,900,764,256,235,76,258,845,840,414,85,127,1091,927,438,459
274,2020,Karnataka,29,Tumakuru,548,2606,2314088,1186492,1127596,567342,214,45,217,932,977,221,422,160,788,1878,346,1324,936,1321,40,805,440,67,472,227,1907,92,231,761,1472,50,621,760,36,51,282,2237,609,1196,441,74,286,13,1488,785,320,309777,231,89762,543,517,1334,1016,256,2075,1100,472,257,57,511,414,50,522,329,1705,100,51,380,131,2044,43,196,856,767,182,316,53,229,848,886,274,149,222,1052,781,402,611
275,2020,Karnataka,29,Davangere,535,808,1216395,625246,591149,278088,110,22,57,268,261,90,166,76,228,570,140,377,291,432,9,158,209,10,154,83,571,13,49,239,433,74,198,318,2,5,142,659,226,374,81,12,115,14,433,171,190,156658,91,50910,232,249,389,322,97,666,447,217,126,15,129,243,13,128,63,604,33,12,120,78,598,18,64,236,198,82,155,21,63,239,211,119,41,89,376,175,127,186
513,2020,Mizoram,15,Khawzawl,728,38,42397,20988,21409,8591,5,1,6,5,5,16,7,2,17,31,1,35,2,1,4,9,24,0,0,6,32,0,3,9,25,1,3,36,3,7,4,24,6,19,6,1,6,0,33,4,1,7172,7,154,21,20,32,1,5,35,33,23,5,0,2,33,0,22,14,2,0,0,1,27,10,1,1,2,3,3,1,1,1,8,5,22,1,1,21,8,7,3
276,2020,Karnataka,29,Mysuru,545,1639,2142162,1096270,1045892,543871,169,53,154,555,527,181,318,116,464,1129,234,716,689,1090,23,263,263,38,350,93,1196,33,77,466,937,126,366,621,24,51,116,1448,605,723,83,11,217,22,927,400,290,319166,148,108661,343,402,943,494,202,1324,728,294,151,47,279,296,38,218,171,1212,58,24,330,105,1180,43,124,493,358,162,199,60,144,499,500,237,81,187,711,432,228,304
277,2020,Karnataka,29,Bidar,529,654,1634617,861104,773513,310023,96,3,30,172,267,86,151,54,199,507,99,343,212,429,8,148,69,18,120,87,447,10,43,222,366,13,164,254,17,20,96,521,82,349,156,8,59,10,371,151,122,118907,43,76689,278,280,374,216,64,625,401,198,69,23,25,205,15,100,76,463,17,29,120,107,398,3,15,166,167,47,122,3,18,175,228,108,33,72,264,190,95,178
278,2020,Karnataka,29,Raichur,546,891,1724723,890093,834630,360883,97,15,12,125,378,264,188,43,256,610,70,440,381,529,17,215,130,20,139,110,642,15,115,335,369,57,200,300,20,18,101,752,121,507,152,9,102,9,554,136,192,145909,69,78330,227,255,517,270,104,787,513,213,67,15,85,199,15,118,70,688,36,34,130,104,623,13,19,155,290,146,117,10,22,106,307,329,26,45,261,387,172,145
279,2020,Karnataka,29,Ballari,528,800,2093622,1086625,1006997,499851,151,5,30,194,309,111,233,90,326,612,137,386,277,591,15,127,67,25,144,159,497,4,38,297,440,21,184,361,10,14,143,633,206,386,149,11,48,13,486,187,114,208838,54,109313,355,290,432,265,103,749,528,273,124,24,42,323,38,105,86,571,39,23,151,138,488,8,40,169,210,61,161,3,34,168,283,151,56,97,335,229,83,150
414,2020,Kerala,32,Palakkad,563,151,2475164,1198565,1276599,561911,141,1,3,4,1,1,125,131,149,151,34,113,4,150,0,1,0,14,10,134,7,0,0,0,150,1,141,149,4,80,18,49,7,126,18,0,0,0,1,150,0,496502,91,7458,146,92,30,107,14,148,142,122,108,39,3,125,3,98,35,15,25,19,77,41,14,1,4,6,3,0,119,4,10,12,4,2,7,16,94,33,1,6
281,2020,Karnataka,29,Ramanagara,631,888,951796,489822,461974,226364,81,18,98,302,313,76,234,70,345,746,294,417,177,634,4,171,79,11,238,61,589,4,42,180,649,13,243,390,21,16,51,800,288,413,123,8,56,22,570,224,72,147795,162,52375,179,203,436,399,53,769,335,164,88,11,107,160,20,146,95,627,32,14,124,47,703,13,93,285,221,91,151,25,88,301,251,72,99,171,428,133,57,264
282,2020,Karnataka,29,Uttar Kannad,550,1309,1123890,569218,554672,288838,139,17,62,312,471,308,237,75,467,889,102,621,586,741,107,173,288,16,168,75,1066,19,97,396,749,48,311,309,9,27,64,1209,148,452,366,135,208,108,317,588,296,187904,148,56151,380,289,715,503,91,956,507,206,77,19,296,224,20,199,54,1036,18,2,128,77,1102,18,61,322,441,260,112,16,59,342,448,332,14,43,362,635,255,179
283,2020,Karnataka,29,Belagavi,527,1282,3889411,2005747,1883664,866752,307,27,90,304,400,154,441,164,594,1016,192,610,480,1023,49,49,161,38,256,199,827,28,90,376,753,35,324,678,23,21,344,894,233,646,245,37,121,34,614,431,203,402672,165,208343,615,586,570,583,129,1231,791,518,210,51,45,559,47,240,181,814,53,16,253,180,833,17,65,269,317,165,285,25,66,281,379,246,61,140,531,344,206,298
284,2020,Karnataka,29,Bengaluru Rural,526,1286,809474,419140,390334,192480,90,61,198,446,373,118,226,85,441,978,427,473,386,691,25,304,266,23,261,118,907,15,42,316,840,73,270,352,6,15,80,1185,600,410,129,38,109,10,810,313,153,126268,109,21288,148,198,522,651,113,892,376,107,47,18,382,119,36,148,110,992,31,21,162,43,1060,43,164,416,324,113,132,51,163,442,341,157,105,177,552,281,171,173
285,2020,Karnataka,29,Kodagu,541,593,563724,281660,282064,143036,98,10,57,207,161,60,141,57,352,363,51,355,187,255,17,254,67,2,138,51,404,2,70,255,246,20,105,218,0,9,51,533,96,303,141,4,49,18,194,320,61,102590,124,22334,217,162,196,325,72,315,213,106,48,12,245,127,26,170,44,353,14,4,72,60,457,10,59,177,158,53,80,11,44,190,179,89,31,24,203,279,56,79
286,2020,Karnataka,29,Kalaburagi,538,919,2333807,1229642,1104165,508004,116,4,16,175,365,243,130,66,227,582,86,465,368,613,20,153,133,27,143,113,663,20,153,355,330,61,162,340,36,14,167,702,112,448,247,16,96,12,506,190,211,133995,36,125683,343,322,529,298,92,846,559,310,129,26,58,257,32,91,99,697,50,34,182,128,575,6,17,160,240,152,194,3,16,136,288,282,35,55,221,384,224,120
287,2020,Karnataka,29,Chikballapur,630,1730,1110250,570089,540161,251512,99,72,187,610,568,194,305,68,518,1167,347,852,531,819,36,555,320,20,330,82,1318,17,129,479,1021,84,276,470,10,13,181,1526,435,794,297,38,166,9,1117,386,218,152326,114,37345,189,309,921,667,142,1196,446,152,73,20,525,184,40,234,133,1323,40,8,186,57,1479,74,143,556,519,187,128,62,173,550,522,295,102,155,838,425,210,363
288,2020,Karnataka,29,Haveri,540,722,1441398,752325,689073,310440,117,10,52,262,222,59,200,58,284,603,90,394,238,542,12,100,68,18,140,105,477,5,35,217,454,11,199,312,5,7,153,557,141,406,132,4,39,4,495,133,90,173676,94,72594,244,289,351,276,95,702,416,224,78,20,18,248,13,108,49,552,23,6,122,58,536,12,38,220,207,59,146,7,46,207,228,88,28,61,394,145,94,203
415,2020,Kerala,32,Kollam,559,109,2079339,980725,1098614,545225,87,2,9,8,3,0,92,91,109,109,80,27,2,106,0,3,0,13,8,86,15,0,0,0,109,0,101,100,17,58,17,17,4,79,26,0,0,0,0,109,0,456727,69,4217,95,68,26,80,3,97,94,89,82,25,11,79,4,60,18,27,38,18,53,16,22,0,8,12,2,0,81,1,10,12,4,1,11,37,49,5,7,1
289,2020,Karnataka,29,Vijayapura,530,669,2028743,1086480,942263,410798,150,2,12,141,269,95,224,68,269,520,69,397,203,502,23,110,34,25,91,176,402,27,57,219,340,26,131,322,5,11,205,448,79,318,223,12,37,16,347,183,123,129134,50,90894,346,287,283,286,100,660,445,284,123,38,6,238,13,104,80,472,29,18,112,123,416,2,17,103,197,97,163,3,12,101,240,150,25,22,162,313,147,151
290,2020,Karnataka,29,Yadgir,635,503,1180639,615237,565402,254133,50,5,14,79,211,144,94,21,122,327,58,292,153,301,9,157,36,11,69,60,374,18,91,199,177,18,101,158,8,7,64,424,67,241,145,13,37,5,352,49,97,83235,22,65462,175,142,303,157,43,458,287,126,45,12,29,141,15,38,46,404,15,22,96,77,308,3,18,87,135,65,110,3,29,76,149,136,16,28,136,248,75,107
291,2020,Karnataka,29,Gadag,537,333,900398,478885,421513,219303,84,8,18,73,116,34,112,36,146,280,50,159,124,281,3,27,22,22,87,64,182,9,27,84,207,6,95,169,4,10,128,191,92,174,37,6,24,9,181,98,45,86662,46,60853,154,160,120,175,38,312,192,146,67,15,13,142,11,83,37,202,27,6,66,58,203,12,9,52,96,34,93,9,10,54,113,54,21,37,105,117,53,101
292,2020,Karnataka,29,Dakshin Kannad,534,368,1411587,708033,703554,341111,194,10,23,66,57,18,195,140,320,312,38,247,83,283,8,70,7,11,188,55,125,11,14,130,209,4,177,253,7,25,47,289,72,214,76,1,5,31,87,229,21,207584,179,61984,330,262,74,262,32,350,274,206,127,33,14,241,11,130,30,197,33,4,105,113,146,7,16,57,50,16,124,12,20,73,100,39,95,29,78,118,48,147
416,2020,Kerala,32,Idukki,556,91,1013071,505467,507604,260036,67,0,3,9,5,7,70,60,89,90,27,59,5,85,0,5,1,0,18,45,28,0,0,0,91,0,67,81,14,61,3,13,7,55,26,1,2,0,3,88,0,226509,27,5649,72,53,15,72,4,77,66,63,52,25,13,59,9,24,21,37,20,18,33,16,24,0,2,13,8,1,57,0,3,9,13,9,8,40,36,3,4,1
293,2020,Karnataka,29,Chamarajanagar,531,869,1058696,547748,510948,250983,93,20,72,237,264,183,244,52,269,582,76,454,339,544,11,154,160,3,192,55,622,23,72,264,431,79,162,342,17,19,42,791,155,431,129,17,137,9,544,174,142,146783,44,53899,203,201,497,267,105,628,324,137,80,7,227,155,13,107,46,703,17,5,128,69,667,20,72,226,208,141,91,21,58,215,264,220,43,72,423,174,157,113
294,2020,Karnataka,29,Kolar,542,1809,1178595,606922,571673,275869,112,71,172,773,557,124,319,104,442,1312,383,769,657,1076,28,359,346,24,242,106,1461,57,121,502,1007,122,220,462,16,15,252,1526,425,890,286,40,168,5,905,590,309,164073,126,32573,209,323,1192,463,154,1368,520,169,97,21,425,191,49,179,127,1454,56,18,205,74,1512,67,170,625,493,157,139,69,158,639,602,202,249,224,682,389,265,405
295,2020,Karnataka,29,Chitradurga,533,1616,1656242,856770,799472,428640,161,51,125,538,543,198,387,100,351,1119,265,713,638,759,28,527,302,33,210,104,1302,49,118,470,859,120,312,469,23,33,152,1408,344,716,316,47,193,10,979,302,325,200197,127,80444,334,337,1116,321,179,1315,747,312,179,27,286,269,20,187,193,1216,64,34,197,142,1243,37,111,441,467,187,197,43,117,380,555,324,85,117,663,437,314,332
296,2020,Maharashtra,27,Hingoli,477,707,1096372,574767,521605,220250,39,12,34,57,226,339,130,23,100,343,45,218,444,206,21,391,89,14,373,123,211,14,82,405,172,34,173,443,11,22,94,580,65,216,214,50,162,0,521,68,118,87081,19,53238,73,516,256,350,101,633,189,91,50,12,70,83,13,35,105,554,11,24,78,80,525,2,14,90,217,202,47,6,13,42,197,402,29,47,287,186,158,83
514,2020,Mizoram,15,Saiha,267,93,77231,37963,39268,16243,6,6,11,3,2,65,13,4,23,53,7,57,29,2,44,19,28,0,25,6,62,12,15,33,30,3,5,87,0,13,15,65,2,23,13,5,50,0,74,13,6,10845,3,686,34,64,20,11,62,90,63,33,6,2,3,4,6,43,14,30,2,0,6,52,35,15,9,2,0,9,3,5,9,9,2,65,7,3,38,21,24,15
297,2020,Maharashtra,27,Latur,481,946,1935631,1023319,912312,397994,129,3,21,198,366,229,285,57,385,635,247,370,329,529,19,318,80,18,481,136,329,15,49,453,416,13,361,593,7,27,114,798,291,420,136,20,79,5,533,319,89,208800,55,92731,238,794,360,449,137,902,451,260,134,26,36,418,62,93,99,692,60,24,131,110,681,3,22,186,324,146,126,7,23,169,347,274,60,116,353,242,175,202
298,2020,Maharashtra,27,Akola,467,970,1161805,609294,552511,291047,84,13,45,218,369,241,195,55,251,587,130,430,410,263,17,526,164,24,239,120,611,11,51,328,500,80,189,420,21,27,312,610,324,345,122,17,162,7,573,204,186,138777,25,73828,185,466,468,307,195,723,275,171,98,16,242,153,35,156,115,664,18,40,155,86,689,19,40,178,293,159,68,20,28,160,346,348,22,70,358,271,249,143
299,2020,Maharashtra,27,Yavatmal,500,2120,2256928,1175727,1081201,557411,127,18,68,361,778,768,407,76,559,1213,389,765,966,644,55,1081,340,25,771,192,1157,21,90,735,1109,165,571,924,30,23,442,1625,456,794,398,80,392,14,1332,405,369,239300,74,149750,306,1192,1165,560,395,1672,582,276,156,60,438,181,75,182,165,1698,53,40,184,254,1642,20,80,401,638,503,187,23,77,357,699,777,46,119,764,614,577,310
300,2020,Maharashtra,27,Beed,470,1360,2291066,1217647,1073419,480847,106,4,28,181,573,468,369,62,568,900,173,640,547,584,33,619,124,9,744,176,440,11,124,891,330,4,388,947,25,9,245,1081,310,634,214,38,164,8,1002,270,80,268629,68,121345,259,985,505,531,324,1319,521,328,144,41,40,266,35,79,100,1146,44,27,176,93,1064,6,39,235,513,271,120,5,37,201,518,479,28,97,466,494,275,214
301,2020,Maharashtra,27,Osmanabad,488,757,1516819,803306,713513,319136,99,12,11,110,306,219,233,67,321,468,98,301,358,451,19,181,106,14,355,131,271,4,34,446,246,27,232,460,33,8,122,594,167,323,143,23,101,7,376,272,102,171697,56,79882,243,574,275,313,169,709,344,223,93,24,45,248,38,79,109,531,33,18,101,131,507,11,11,108,260,117,105,11,9,106,279,247,20,75,214,244,204,154
302,2020,Maharashtra,27,Nanded,485,1584,2643936,1369837,1274099,589985,131,3,27,215,732,476,328,70,512,969,272,614,698,559,23,826,176,36,794,244,546,23,131,804,599,27,491,863,13,23,219,1329,247,466,484,65,322,5,1126,247,206,213927,111,186648,380,1185,569,631,384,1474,470,238,156,74,101,432,148,108,203,1125,39,37,222,310,1015,13,58,252,467,225,181,7,44,219,626,507,28,105,338,755,358,479
303,2020,Maharashtra,27,Pune,490,1901,4380341,2311760,2068581,1028304,355,22,109,399,554,462,738,304,952,1229,482,631,788,1087,155,128,531,53,1131,183,587,26,145,786,909,35,993,1013,50,65,267,1519,532,864,255,54,196,14,1322,373,192,518452,247,128109,638,1416,562,1154,185,1760,808,592,299,113,130,394,71,342,186,1302,94,107,259,283,1252,24,104,374,409,341,341,43,95,327,515,580,650,150,269,335,497,560
304,2020,Maharashtra,27,Washim,499,786,1002972,524185,478787,230919,60,11,36,142,304,233,177,30,173,361,124,177,485,126,16,523,121,6,218,115,453,24,41,471,156,94,151,287,12,8,178,588,169,235,110,31,241,0,502,143,141,126796,25,78256,123,445,421,178,187,633,227,133,70,13,146,78,19,71,74,622,12,23,58,55,650,10,35,177,252,176,43,11,38,127,287,280,13,45,149,259,320,109
305,2020,Maharashtra,27,Nashik,487,1942,3684639,1905978,1778661,748104,210,18,61,405,715,533,581,136,728,1340,355,778,809,1126,313,279,224,23,1072,326,544,37,203,1133,564,5,640,1203,31,65,253,1593,480,901,386,49,126,8,1419,364,151,367149,164,172623,581,1476,498,1133,311,1861,743,482,230,53,76,248,59,316,174,1393,70,60,229,286,1367,30,78,440,568,251,219,29,66,449,682,497,398,171,403,535,435,606
306,2020,Maharashtra,27,Ratnagiri,492,1541,1465141,708617,756524,436045,180,12,73,309,539,428,508,130,521,1145,475,361,705,1314,26,130,71,35,514,111,916,8,37,292,1175,29,530,623,17,27,109,1388,869,415,109,22,126,32,620,727,162,155530,90,63528,710,1018,774,601,166,1371,617,361,185,46,159,126,16,80,129,1316,35,73,209,206,1053,21,74,295,365,298,135,16,61,262,412,655,116,131,223,446,625,112
307,2020,Maharashtra,27,Solapur,496,1155,3079543,1619198,1460345,660908,237,2,21,237,496,162,482,120,537,759,387,360,408,816,48,137,154,36,424,231,500,10,59,637,443,6,516,618,60,39,284,772,358,561,171,18,47,9,608,458,80,270462,137,120103,426,951,500,500,155,1104,569,425,205,46,43,473,97,219,226,613,44,64,184,198,709,2,20,198,360,129,177,5,18,210,497,248,342,186,160,210,257,270
308,2020,Maharashtra,27,Jalna,479,955,1700345,893176,807169,339602,83,7,20,120,456,269,214,57,280,685,186,379,390,307,47,537,64,19,324,183,448,12,184,599,153,7,269,634,59,10,207,679,248,428,178,13,88,3,668,227,57,154342,72,65848,165,745,404,292,259,912,385,196,113,50,40,155,29,93,92,741,102,18,111,127,699,4,25,140,377,153,109,2,20,112,387,325,37,110,369,304,135,167
309,2020,Maharashtra,27,Bhandara,471,873,1025119,521803,503316,286132,127,11,46,260,335,94,280,61,292,566,256,285,332,439,18,91,325,23,400,70,403,13,13,211,572,64,349,370,65,29,226,553,186,287,141,44,215,4,537,184,148,120019,63,91351,153,559,323,371,179,703,332,207,131,52,161,176,48,201,138,486,38,33,112,127,601,13,60,236,234,58,94,17,51,215,361,135,59,110,307,190,207,205
310,2020,Maharashtra,27,Gondia,476,933,1131637,574159,557478,295295,103,27,60,267,331,145,279,47,313,639,245,338,350,367,11,159,396,38,322,81,530,14,22,215,632,50,336,379,36,13,214,670,235,251,173,46,228,8,635,152,138,131503,56,127503,152,565,433,353,147,796,359,194,128,33,130,150,36,274,147,476,43,19,126,135,653,25,74,289,189,76,108,22,61,276,311,155,62,83,323,232,233,226
311,2020,Maharashtra,27,Sangli,493,726,2072612,1073056,999556,493141,234,5,43,196,186,62,377,117,456,556,197,231,298,589,16,25,96,25,576,51,99,20,22,211,462,11,346,433,6,16,249,455,223,295,124,11,73,51,359,257,59,227517,99,122760,385,622,145,520,61,699,421,339,138,37,21,286,47,171,88,420,23,53,121,190,362,5,31,148,136,42,141,8,28,182,241,126,108,180,205,132,101,259
312,2020,Maharashtra,27,Buldhana,472,1445,2201323,1152057,1049266,532322,127,11,45,243,595,424,282,99,409,799,218,486,741,602,27,597,219,21,570,235,640,26,53,422,839,105,296,689,53,49,323,1020,574,343,177,42,309,10,878,269,288,231071,60,142343,313,825,653,526,266,1167,509,268,154,54,261,244,79,202,160,1004,51,32,202,197,1014,17,29,196,460,312,125,14,38,208,546,514,63,71,393,499,419,210
313,2020,Maharashtra,27,Nagpur,484,1867,1715751,886027,829724,418590,150,46,65,490,747,369,375,131,496,1184,567,594,706,832,62,405,568,54,479,183,1205,13,46,368,1263,177,554,698,32,38,401,1396,973,384,178,51,281,10,1135,349,373,237412,65,104988,240,829,1015,574,278,1362,498,268,164,60,496,162,111,257,165,1334,61,27,176,212,1452,54,100,489,566,243,158,50,76,467,669,447,357,193,414,423,480,280
314,2020,Maharashtra,27,Chandrapur,473,1836,1573864,807734,766130,412862,138,47,87,427,716,421,311,77,528,945,393,650,793,702,63,472,599,36,532,237,1067,33,61,478,1008,256,383,458,26,29,238,1543,310,511,352,84,579,4,1088,240,504,200725,72,119350,300,867,940,508,388,1392,461,260,162,56,440,193,42,165,239,1390,67,20,184,253,1379,50,78,430,523,298,169,38,107,371,626,525,48,228,395,606,559,230
315,2020,Maharashtra,27,Raigad,491,1914,2017364,1024120,993244,552718,168,60,157,576,637,316,512,186,741,1304,544,511,859,849,41,779,245,58,982,158,774,13,42,434,1369,56,713,591,19,72,121,1702,698,681,286,45,204,21,1246,363,284,268320,145,59124,375,1082,896,746,272,1589,457,276,116,42,302,109,65,280,183,1386,37,35,145,215,1519,63,206,521,495,234,108,47,107,391,698,563,259,215,273,494,673,401
316,2020,Maharashtra,27,Sindhudurg,495,770,760912,378544,382368,228025,142,12,60,205,241,110,319,84,335,614,246,300,224,627,3,89,51,16,207,138,425,12,12,151,575,20,361,276,9,17,119,625,214,277,147,26,106,26,273,402,69,80586,53,36187,408,507,205,426,139,698,287,162,86,26,63,163,38,87,51,594,23,43,107,176,444,16,59,176,121,72,105,15,42,163,225,220,45,46,103,253,323,47
317,2020,Maharashtra,27,Jalgaon,478,1516,3117766,1629118,1488648,739827,215,18,47,286,631,319,499,137,625,927,273,639,604,1111,24,249,132,43,791,189,536,30,52,608,790,36,462,760,62,29,296,1129,854,382,182,30,68,30,833,493,160,349992,109,219615,538,1221,521,764,231,1370,546,366,169,51,129,207,53,179,154,1130,74,76,180,223,1037,23,51,233,494,236,151,12,38,259,603,453,153,152,361,587,263,359
318,2020,Maharashtra,27,Thane,497,819,1144761,605202,539559,265842,80,15,65,251,318,90,261,63,238,485,223,219,377,234,66,366,153,17,134,83,602,12,35,332,417,23,271,262,12,26,103,678,241,242,112,26,198,5,572,148,94,104823,44,20247,111,425,495,223,101,735,232,122,84,28,79,40,32,119,91,577,20,27,97,61,634,17,71,205,235,106,74,13,53,217,317,145,106,61,90,164,398,121
319,2020,Maharashtra,27,Nandurbar,486,949,1496985,762575,734410,347387,54,16,33,166,346,334,164,44,215,595,139,325,485,469,119,260,101,9,236,128,585,56,95,420,342,36,341,565,49,39,79,782,190,376,121,35,227,3,466,244,236,108737,114,123017,149,579,500,290,159,859,263,160,82,29,83,96,15,154,171,609,21,20,134,170,625,15,47,160,273,130,60,14,32,141,344,358,127,45,122,286,369,148
320,2020,Maharashtra,27,Satara,494,1777,2663394,1356298,1307096,671619,307,55,121,463,519,312,553,156,645,1288,340,434,1003,1134,94,172,377,30,1200,139,438,40,76,501,1110,50,875,822,32,30,235,1480,814,646,137,18,162,48,1066,430,233,333944,195,113412,628,1400,486,1126,165,1653,690,486,179,50,110,345,92,251,228,1206,41,76,211,262,1228,43,132,410,419,224,215,35,124,407,596,400,344,303,475,312,343,479
321,2020,Maharashtra,27,Aurangabad,469,1361,2706683,1444117,1262566,544575,175,25,53,325,516,267,417,108,441,871,230,355,776,530,66,369,396,23,905,158,298,19,129,684,498,31,431,678,48,25,312,976,342,468,236,64,251,10,921,264,166,222396,71,139849,322,936,494,710,157,1211,543,342,223,79,139,290,92,113,129,1027,58,25,158,207,971,24,69,266,430,182,141,21,44,288,519,348,175,109,268,345,464,356
322,2020,Maharashtra,27,Gadchiroli,475,1647,921593,465332,456261,236926,70,14,37,271,381,874,225,39,271,747,240,521,886,514,96,151,886,3,391,94,1162,32,130,595,740,150,302,633,36,15,153,1443,175,331,294,57,790,13,864,134,636,117043,46,74577,218,474,902,318,427,1313,339,187,101,28,333,105,36,229,114,1268,41,45,93,263,1246,30,82,348,358,428,115,20,53,286,382,791,39,120,460,502,526,441
323,2020,Maharashtra,27,Ahmednagar,466,1579,3766877,1961962,1804915,800985,357,14,59,343,529,277,541,236,683,1094,275,541,763,898,41,207,433,46,919,167,493,32,240,816,477,14,774,922,55,42,390,1092,261,679,366,55,218,36,956,379,208,357707,164,165410,676,1258,539,899,141,1528,716,577,270,85,38,440,82,205,200,1092,73,45,287,370,877,19,61,295,341,161,296,14,57,286,538,388,536,143,204,231,465,463
324,2020,Maharashtra,27,Wardha,498,1373,975581,503714,471867,273102,82,31,73,312,490,385,311,61,339,703,328,425,620,502,29,294,548,19,451,112,810,31,48,240,752,302,351,405,19,11,175,1168,438,320,82,27,506,9,770,124,470,164458,32,68933,181,540,701,443,229,805,292,163,88,36,564,85,37,135,79,1122,40,15,99,138,1121,52,92,317,381,279,110,44,73,298,447,401,97,137,298,207,634,282
325,2020,Maharashtra,27,Palghar,665,910,1636514,835763,800751,405963,107,16,66,205,304,212,296,90,310,691,225,256,429,465,49,301,95,22,329,94,487,10,67,467,359,7,339,545,26,48,132,704,135,301,195,38,241,1,682,125,102,155997,82,61669,176,638,369,392,149,845,308,189,107,28,57,73,61,186,110,553,53,29,157,188,536,17,65,174,191,89,81,15,48,199,319,248,59,49,189,221,392,174
326,2020,Maharashtra,27,Dhule,474,674,1586154,827931,758223,369932,69,8,25,127,287,158,247,55,366,572,184,308,182,449,13,170,42,8,377,74,223,14,57,181,415,7,219,391,11,13,94,556,371,194,67,11,31,5,450,172,47,144060,22,111511,230,533,263,321,90,635,266,178,94,18,37,117,8,63,48,555,16,6,82,139,447,6,42,131,201,67,92,11,35,145,228,163,143,70,156,187,118,145
327,2020,Maharashtra,27,Kolhapur,480,1219,2861759,1472960,1388799,682136,274,33,109,362,303,138,556,182,665,919,302,397,520,919,47,62,191,15,834,126,259,18,23,267,895,16,625,701,23,45,250,901,867,268,31,8,45,34,704,403,78,340085,161,174301,499,1036,264,807,148,1184,661,493,194,56,35,607,114,274,145,686,53,70,166,247,736,22,108,268,233,105,190,27,108,311,338,245,75,285,436,294,129,507
328,2020,Maharashtra,27,Amravati,468,1965,1860694,969547,891147,474131,172,74,112,390,713,504,378,112,465,997,399,572,994,624,63,712,566,29,455,179,1331,38,79,396,1151,301,409,727,32,30,624,1279,783,562,169,41,410,13,1033,358,561,242887,67,135349,415,887,1090,602,273,1315,614,305,165,62,635,280,78,194,250,1443,71,36,251,233,1445,82,110,345,564,344,140,72,109,350,659,635,85,172,539,488,681,321
515,2020,Mizoram,15,Mamit,266,100,105655,54055,51600,23030,10,3,4,13,15,55,14,5,36,72,6,59,35,10,51,2,37,0,3,10,87,7,14,42,34,3,17,81,5,13,13,69,10,26,29,4,31,1,89,7,3,13782,7,6244,30,37,57,4,39,94,80,49,7,2,6,34,1,60,16,23,1,1,8,51,40,1,2,13,10,14,7,3,4,3,11,72,1,0,11,55,33,2
329,2020,Maharashtra,27,Parbhani,489,843,1421464,741874,679590,293766,61,1,12,96,326,347,109,25,154,399,55,338,450,228,75,448,92,15,291,127,425,13,98,518,202,12,201,425,18,3,133,689,92,364,237,35,115,0,640,95,108,104053,30,87876,123,601,383,294,166,791,267,122,75,26,46,201,22,78,106,637,33,28,94,96,625,3,15,114,249,244,56,3,10,109,254,411,16,91,225,328,183,145
330,2020,Odisha,21,Kendujhar,361,2087,1664393,850351,814042,378067,154,66,177,502,724,464,180,102,254,1407,114,697,1276,614,104,739,630,36,74,234,1779,210,448,910,416,103,376,741,10,102,451,1524,134,283,320,139,1211,12,1433,142,500,139548,120,118234,423,331,957,928,202,1715,795,411,90,41,350,24,43,444,101,1499,59,128,158,171,1630,56,132,515,606,321,121,53,121,415,647,730,48,49,407,478,1105,307
331,2020,Odisha,21,Mayurbhanj,365,3748,2436819,1223636,1213183,571990,189,77,318,1172,1314,678,271,149,965,2598,303,1093,2352,907,206,1725,910,69,266,426,3056,281,543,1376,1353,195,829,1279,58,73,1006,2611,197,466,557,156,2372,10,2459,492,787,164009,222,188805,657,715,2453,816,479,2893,1133,542,174,93,799,87,71,999,341,2337,149,210,188,378,2972,82,295,1193,937,465,213,67,311,947,1247,963,103,186,1241,724,1494,765
332,2020,Odisha,21,Kendrapara,360,1468,1597466,829589,767877,335727,190,83,219,503,309,164,209,149,309,1032,321,579,568,416,117,642,293,46,85,255,1128,52,97,386,889,44,288,820,31,97,155,1185,205,321,274,21,647,14,922,234,298,145140,73,77677,351,409,1093,288,87,1174,629,385,111,49,268,266,75,222,165,1006,58,78,116,81,1193,54,140,436,385,178,124,54,129,377,392,392,57,22,150,191,1048,179
516,2020,Mizoram,15,Hnahthial,726,32,34807,17178,17629,6912,2,2,3,0,1,24,3,1,11,27,0,31,1,4,5,8,15,0,0,6,26,0,0,8,24,0,6,30,6,2,3,21,6,14,6,0,6,0,29,2,1,5814,7,114,15,27,12,2,18,32,29,20,6,1,0,24,3,10,15,4,0,1,5,13,13,2,2,4,4,1,4,0,4,1,4,19,0,1,11,14,6,0
333,2020,Odisha,21,Bargarh,347,1181,1466902,754233,712669,366357,113,15,43,296,462,252,121,53,267,830,183,567,431,303,123,239,516,10,52,184,945,37,108,657,356,23,167,557,30,9,205,937,66,290,293,40,492,3,903,76,199,129847,28,72332,240,275,548,430,203,1093,584,288,77,33,82,28,28,287,59,807,38,36,75,52,1018,10,49,339,455,165,90,14,35,270,459,313,59,36,407,168,511,223
334,2020,Odisha,21,Sonepur,372,963,618858,318878,299980,153869,43,10,44,307,338,221,57,27,61,650,286,61,616,183,24,393,363,6,49,112,802,30,149,416,309,59,97,146,20,12,121,810,164,163,141,27,468,2,679,50,232,80081,27,43061,93,110,777,61,125,705,258,118,40,18,245,14,9,232,47,675,55,19,50,46,848,12,54,284,319,179,48,20,50,238,333,274,23,30,49,105,756,202
335,2020,Odisha,21,Boudh,349,1187,426954,215703,211251,104951,247,10,53,229,408,240,687,212,737,841,114,609,464,208,174,600,205,221,28,420,739,10,64,342,749,22,414,449,47,116,236,788,24,258,377,162,366,1,376,657,153,27995,322,40157,358,280,439,674,74,766,444,306,256,219,389,241,6,562,155,464,246,51,65,163,908,11,84,209,384,220,326,14,64,236,295,252,33,75,188,549,342,351
336,2020,Odisha,21,Deogarh,351,728,322971,164280,158691,78617,24,7,32,125,235,305,45,14,111,535,56,292,380,288,25,150,265,7,32,71,625,41,47,311,280,49,78,154,4,4,97,623,61,132,120,21,394,4,490,28,206,29227,31,13780,65,90,587,113,28,454,186,97,20,13,270,7,19,194,14,501,13,19,26,29,654,12,42,135,209,256,30,6,30,93,189,380,6,15,123,125,459,91
417,2020,Kerala,32,Kasaragod,558,124,1142536,550275,592261,239731,101,1,3,13,6,0,99,73,124,124,17,89,18,124,0,0,0,9,7,76,41,0,0,0,124,0,88,112,3,113,0,8,2,89,33,0,0,0,1,122,1,202168,22,1163,109,38,26,94,4,123,110,98,79,27,1,69,5,77,11,31,16,10,37,47,30,0,2,17,11,0,55,1,9,29,28,2,17,18,61,23,5,0
337,2020,Odisha,21,Dhenkanal,352,1193,1219439,634299,585140,327981,119,36,81,310,401,246,132,72,261,682,121,441,631,340,26,471,356,33,78,166,949,69,119,470,401,134,200,603,30,51,155,957,98,286,245,62,502,12,657,159,365,102264,29,65291,258,310,509,558,126,837,456,277,61,32,334,27,43,201,64,885,26,54,57,58,1024,35,64,262,420,243,89,34,58,215,374,423,43,43,287,186,634,181
338,2020,Odisha,21,Khordha,362,1493,1400229,721322,678907,309339,196,100,207,536,343,111,220,171,451,1055,347,526,620,294,35,849,315,64,95,228,1170,34,118,355,906,80,234,735,38,182,134,1139,294,417,299,54,429,7,831,413,242,143471,53,48808,322,312,1012,331,150,966,492,308,101,49,494,43,52,286,86,1069,77,103,172,75,1143,79,138,434,351,141,137,64,143,411,427,311,103,51,181,264,894,169
339,2020,Odisha,21,Kalahandi,358,2243,1633798,835921,797877,423691,136,34,74,397,738,864,139,86,347,1205,225,882,1136,506,187,628,922,44,108,285,1850,171,311,840,651,270,346,853,70,27,343,1803,71,199,379,96,1498,12,967,253,1011,109562,91,104537,363,418,1504,429,310,1556,697,356,103,55,670,41,40,269,149,1785,100,64,123,185,1871,38,102,478,645,608,169,22,80,357,650,965,50,44,512,375,1262,409
340,2020,Odisha,21,Jharsuguda,357,351,374569,190710,183859,89443,35,8,18,103,141,46,55,15,78,292,80,165,106,134,6,34,177,9,12,87,252,1,10,145,192,3,80,134,1,2,97,251,30,78,99,13,131,1,255,26,69,46756,14,25306,78,90,191,103,57,307,208,96,23,12,38,9,9,104,14,224,9,12,19,29,291,5,28,120,106,32,44,7,18,90,107,85,8,20,125,45,153,82
418,2020,Kerala,32,Malappuram,562,122,3400149,1626827,1773322,684071,118,0,0,4,0,0,106,101,122,121,34,85,3,122,0,0,0,11,25,91,6,0,0,3,119,0,114,121,0,119,1,2,2,65,52,3,0,0,0,122,0,622749,89,5211,117,98,11,104,7,121,118,109,106,65,1,104,4,74,32,12,36,20,80,20,2,0,1,1,0,0,101,3,3,4,9,2,24,10,68,20,0,6
341,2020,Odisha,21,Anugul,344,1705,1191223,617263,573960,279638,102,29,110,397,570,497,150,58,260,1123,233,571,901,328,73,887,417,19,73,190,1442,73,258,800,472,102,262,801,17,25,161,1502,154,282,285,64,920,5,918,230,552,103621,30,56624,248,269,1120,324,261,1127,512,261,58,21,563,14,16,234,118,1337,66,85,87,56,1477,18,92,397,554,416,80,23,68,302,573,659,58,37,302,388,920,279
342,2020,Odisha,21,Malkangiri,364,1007,622651,314295,308356,151712,45,5,22,157,269,509,55,15,126,522,46,279,682,74,40,466,427,1,60,121,826,113,141,299,313,141,212,410,13,18,217,759,37,155,244,49,522,4,426,18,559,46369,22,40547,110,203,636,222,149,722,299,125,23,9,280,4,11,144,63,789,20,38,67,112,790,6,34,166,266,318,51,3,20,139,241,553,11,18,129,214,635,170
343,2020,Odisha,21,Kandhamal,359,2599,752825,377520,375305,180473,75,28,81,328,609,1478,62,43,170,1116,116,685,1798,278,66,1331,924,15,90,146,2363,159,365,949,851,275,413,613,21,46,168,2364,64,285,382,111,1757,15,734,154,1696,44453,126,54107,281,227,1873,412,314,1424,529,204,62,33,1141,47,28,250,112,2209,77,123,82,182,2212,59,106,421,698,928,100,51,133,335,546,1434,32,38,197,388,1944,463
344,2020,Odisha,21,Nabarangpur,366,871,1168771,582865,585906,284852,67,3,20,145,304,332,71,28,222,628,49,356,466,187,56,518,110,4,53,114,704,31,61,354,415,10,143,403,8,42,196,625,47,208,250,67,299,6,660,45,160,93535,23,91184,203,230,471,245,155,786,366,222,25,9,69,11,25,163,34,649,16,63,68,145,595,12,37,201,224,121,71,9,21,137,268,365,13,22,538,152,146,133
419,2020,Kerala,32,Alappuzha,554,99,1772579,843559,929020,450064,87,1,6,4,1,0,49,85,99,96,37,56,6,96,0,1,2,13,6,81,12,0,0,0,99,0,88,95,14,55,2,28,1,71,17,0,10,0,2,97,0,431851,61,10412,88,71,17,78,4,91,87,84,74,27,8,80,1,46,9,43,28,18,55,12,14,3,2,7,2,0,78,1,6,13,1,0,6,32,43,4,14,2
345,2020,Odisha,21,Koraput,363,1993,1213085,610747,602338,323287,107,39,65,291,579,912,110,42,210,1295,246,686,1061,235,143,1120,495,78,208,187,1598,99,342,830,615,107,462,999,43,53,369,1528,117,459,554,97,766,11,854,164,964,88361,150,100832,304,437,1068,392,533,1399,578,269,84,34,575,70,32,259,131,1571,101,104,163,180,1546,27,52,313,537,617,182,38,58,295,496,924,40,77,705,603,568,464
346,2020,Odisha,21,Jagatsinghapur,355,1281,1112081,574091,537990,261107,143,50,199,584,253,52,262,125,304,982,433,399,449,307,63,660,251,30,74,171,1036,55,72,520,584,50,293,793,54,128,260,839,267,407,248,32,327,6,736,329,210,109634,68,39064,238,309,1027,152,102,883,408,278,63,17,382,105,41,145,85,1010,99,58,111,110,1002,37,107,451,315,92,131,43,137,389,381,200,63,47,171,318,682,278
347,2020,Odisha,21,Sundargarh,373,1769,1509357,768622,740735,384585,160,14,68,352,636,539,189,104,310,901,158,521,1090,528,95,587,559,61,142,265,1362,130,301,774,435,129,337,732,33,27,419,1290,46,229,424,132,938,6,859,222,682,96404,109,105923,411,485,1200,321,248,1376,667,371,144,65,360,51,56,347,191,1175,115,165,145,136,1323,17,72,332,552,350,151,24,57,270,567,700,74,45,270,342,1038,231
348,2020,Odisha,21,Gajapati,353,1550,560065,276651,283414,124107,46,15,38,244,437,770,87,25,145,860,212,697,641,220,106,784,440,9,28,150,1372,73,188,580,560,149,366,627,11,25,160,1354,96,299,354,149,652,6,528,121,895,47502,89,38845,140,221,705,632,213,891,365,150,43,13,627,14,25,109,54,1362,35,58,83,48,1361,20,57,289,442,553,61,14,51,210,387,827,44,22,561,337,586,361
420,2020,Kerala,32,Pathanamthitta,564,75,1036901,486424,550477,322473,66,1,0,7,1,0,69,62,75,75,0,75,0,74,0,1,0,0,1,61,13,0,0,0,75,0,69,75,0,72,0,3,0,60,15,0,0,0,0,75,0,283170,55,1472,71,54,20,55,0,73,71,68,62,24,2,63,1,54,3,17,34,14,40,14,7,0,0,4,3,0,59,1,1,8,6,0,0,2,68,5,0,1
349,2020,Odisha,21,Cuttack,350,2112,2191590,1142515,1049075,499308,246,113,283,791,497,182,340,214,625,1382,247,843,1022,505,69,936,602,76,119,329,1664,51,93,581,1220,167,403,1247,49,170,253,1640,250,515,576,61,710,25,1118,553,416,225888,109,79795,451,552,1369,529,214,1576,815,515,138,54,508,119,62,452,162,1436,114,102,140,126,1744,91,243,670,542,198,228,73,226,638,592,355,102,129,403,420,1058,284
350,2020,Odisha,21,Puri,369,1646,1632788,851586,781202,386635,170,80,154,567,535,140,240,142,360,1219,489,530,627,284,49,977,336,63,101,280,1265,45,80,605,848,68,369,781,68,148,226,1204,159,322,365,63,737,14,1059,312,261,177120,74,82998,363,410,1338,212,96,1240,654,400,133,49,378,61,50,218,128,1250,75,86,144,74,1342,61,134,440,506,201,163,63,134,411,549,326,91,22,89,226,1218,403
351,2020,Odisha,21,Ganjam,354,2864,3294509,1698348,1596161,716803,231,57,244,819,899,614,396,136,804,1963,601,1050,1213,804,144,1422,494,32,225,518,2121,88,272,843,1539,122,571,933,145,175,86,2458,314,692,539,119,1200,35,1709,583,537,368733,122,74054,600,669,1444,982,438,2224,1046,599,119,52,600,129,46,275,147,2396,114,166,193,200,2305,70,186,717,824,508,187,57,180,632,834,974,163,136,827,660,1078,701
352,2020,Odisha,21,Baleshwar,346,2592,2195762,1140552,1055210,513311,219,98,370,1112,633,160,237,182,450,1475,285,843,1464,390,105,1251,846,42,142,304,2146,76,471,1102,872,71,363,965,38,201,648,1705,171,472,725,102,1122,27,1668,287,610,206684,82,143719,449,428,1871,388,333,1427,813,453,119,72,1109,77,158,368,204,1862,81,129,209,139,2115,73,252,1042,564,184,166,70,299,989,701,367,43,91,669,596,1193,469
421,2020,Kerala,32,Kannur,557,109,1863943,875324,988619,415723,108,0,0,1,0,0,109,97,109,109,58,49,2,109,0,0,0,8,9,98,2,0,0,0,109,0,108,109,0,108,0,1,0,38,70,1,0,0,0,109,0,366672,69,365,108,72,16,89,4,108,108,94,88,37,1,108,6,78,24,1,20,11,63,31,4,1,1,2,0,0,90,2,2,10,5,0,26,23,51,8,1,0
353,2020,Odisha,21,Rayagada,370,2672,968396,487238,481158,242079,96,41,101,381,798,1255,127,52,265,1124,387,887,1398,364,247,932,1129,52,112,223,2337,237,297,1037,728,373,433,694,90,81,346,2155,199,400,423,213,1437,20,806,271,1575,56357,155,82456,241,224,2143,283,246,1336,461,222,71,35,1296,65,52,174,145,2301,96,149,110,170,2243,41,84,321,747,1050,110,35,86,307,656,1478,99,65,435,390,1683,360
354,2020,Odisha,21,Jajapur,356,1659,1820879,935283,885596,421409,153,77,214,661,431,123,221,136,467,1175,365,600,694,267,83,867,442,50,85,265,1309,49,210,599,751,50,269,949,41,71,246,1301,139,229,303,78,910,27,989,356,287,174689,46,84625,307,345,1006,394,259,1294,689,424,123,63,344,45,84,336,128,1111,92,51,114,96,1398,36,190,579,427,166,117,32,186,531,537,256,60,65,218,255,1061,287
355,2020,Odisha,21,Bhadrak,348,1286,1519545,802999,716546,317952,168,65,140,411,390,112,195,151,361,711,115,511,660,285,51,642,308,59,68,340,878,87,270,594,280,55,199,709,34,176,203,873,55,208,305,43,675,26,721,280,259,105652,68,104558,341,339,903,239,144,1016,566,364,141,69,253,61,53,191,112,930,74,62,140,120,964,45,103,413,297,106,132,38,103,326,411,276,61,42,215,505,463,131
356,2020,Odisha,21,Nayagarh,367,1667,964541,508060,456481,230729,101,74,114,466,474,438,144,64,353,917,469,316,882,380,28,612,647,23,86,213,1368,83,120,366,820,278,270,462,42,74,95,1456,244,230,265,95,833,7,854,244,562,105980,61,48788,209,259,1148,221,298,880,378,226,51,25,768,34,37,261,97,1272,36,45,123,82,1417,70,133,372,456,386,96,70,160,388,446,507,64,92,287,251,973,296
357,2020,Odisha,21,Nuapada,368,646,606410,305358,301052,159569,31,9,35,129,224,218,48,19,89,452,86,229,331,214,48,112,272,3,28,83,535,30,137,270,185,24,59,240,22,5,116,503,76,107,107,39,317,2,472,61,111,46920,17,48944,96,130,377,172,97,578,354,155,37,9,62,6,11,73,41,521,16,29,32,76,509,2,27,141,202,137,32,7,33,112,197,265,28,24,145,115,334,127
358,2020,Odisha,21,Balangir,345,1778,1605279,818841,786438,441482,119,16,87,475,722,359,167,57,318,1232,311,622,845,503,170,515,590,38,73,335,1370,47,191,884,616,40,325,873,23,11,406,1338,119,298,438,77,846,4,1093,266,415,118010,61,122355,279,398,1231,286,261,1633,786,360,106,41,135,29,17,359,138,1264,118,72,77,105,1524,10,77,484,691,262,124,16,91,373,690,484,86,62,326,330,974,295
359,2020,Odisha,21,Sambalpur,371,1196,705272,357094,348178,175544,85,19,53,232,395,412,107,59,250,736,199,335,662,410,54,300,432,28,39,80,1077,30,124,537,462,43,152,329,6,6,220,964,85,142,215,55,699,3,898,35,260,72394,46,47644,193,221,941,166,89,798,372,182,49,25,386,36,31,309,31,825,38,73,85,56,982,14,45,229,339,355,129,22,49,205,303,488,16,24,211,159,786,199
360,2020,Andaman and Nicobar Islands,35,North and Middle Andaman,632,103,100608,51605,49003,26964,17,2,6,21,28,29,17,11,60,90,7,58,38,65,2,26,10,0,4,24,75,1,2,6,94,0,23,58,2,32,1,68,14,63,19,2,5,2,38,51,12,19479,6,11641,35,51,30,70,3,87,47,31,21,1,11,7,2,57,2,42,5,3,10,45,45,3,7,26,7,2,40,3,10,16,16,18,6,7,58,22,10,43
361,2020,Andaman and Nicobar Islands,35,Nicobars,603,7,5983,3062,2921,1744,2,0,0,0,0,5,2,2,2,7,2,5,0,7,0,0,0,0,0,0,7,0,0,0,7,0,0,7,0,2,0,5,6,1,0,0,0,0,5,2,0,997,0,97,3,7,0,7,0,7,5,4,3,0,0,2,0,5,0,2,1,0,2,5,0,0,0,0,0,0,1,1,0,0,0,5,0,0,7,0,0,2
363,2020,Himachal Pradesh,02,Solan,025,2468,536937,274321,262616,118981,117,82,260,776,740,493,304,117,1034,1629,540,566,1362,1157,657,35,619,26,107,207,2154,5,6,130,2262,65,347,522,23,159,65,2221,1643,512,142,14,157,12,1405,837,214,86114,137,8096,190,522,1622,637,209,688,284,172,134,28,1752,20,35,150,94,2189,31,37,103,197,2131,114,390,870,510,247,190,122,350,764,505,537,224,105,430,922,787,792
364,2020,Himachal Pradesh,02,Chamba,016,1397,629481,317284,312197,141397,102,27,47,203,308,710,201,77,369,492,100,340,957,600,150,9,638,27,104,104,1189,57,42,163,884,251,227,548,22,91,14,1270,666,285,112,29,305,0,764,150,483,81496,92,44729,329,525,675,511,211,860,422,237,213,42,522,47,21,113,55,1208,33,43,141,135,1078,43,85,276,280,394,268,44,83,202,227,573,48,31,384,345,589,353
365,2020,Himachal Pradesh,02,Kinnaur,019,513,87929,44645,43284,22567,33,12,18,66,126,258,59,22,135,121,17,67,429,137,30,1,345,5,19,33,461,7,23,76,169,238,51,80,3,21,3,486,110,87,30,8,278,1,219,24,269,18046,28,4819,80,86,351,123,39,148,69,39,40,5,358,8,8,54,15,436,5,16,52,26,419,14,34,80,115,176,70,14,26,67,108,228,20,7,66,97,323,161
366,2020,Himachal Pradesh,02,Kullu,020,475,494678,251401,243277,129985,79,18,51,86,101,140,161,60,286,340,85,177,213,302,94,5,74,0,40,99,336,3,5,32,420,15,118,337,10,62,5,398,271,151,24,0,29,2,303,123,47,94659,51,28432,180,290,152,290,33,346,198,127,98,10,123,7,3,97,18,357,15,15,76,89,295,18,69,97,67,44,181,22,44,73,67,88,32,24,283,87,49,202
506,2020,Tripura,16,Khowai,652,152,365464,180870,184594,93291,16,9,17,70,35,5,35,4,62,127,4,114,34,9,5,124,14,4,22,42,88,3,14,62,73,0,61,128,9,57,32,54,0,52,73,14,13,0,134,10,8,48550,7,32086,63,111,6,132,14,143,99,77,38,1,5,2,0,66,11,75,2,2,18,98,34,4,8,15,6,1,66,6,22,34,16,8,1,1,41,89,20,24
367,2020,Himachal Pradesh,02,Sirmaur,024,988,554775,286098,268677,122413,78,9,43,182,262,414,166,65,331,691,134,282,572,625,186,22,155,3,59,169,760,11,9,125,828,15,219,422,26,34,21,907,426,412,91,14,45,3,747,142,96,83001,29,18681,199,317,563,277,148,678,367,243,171,26,289,11,26,123,32,807,31,28,111,116,733,23,74,252,224,160,202,33,52,193,182,326,65,42,192,438,251,288
368,2020,Himachal Pradesh,02,Shimla,023,2997,722611,367189,355422,175624,147,87,138,596,894,1135,298,102,889,1568,405,534,2058,1692,363,33,909,16,115,160,2722,30,115,551,2070,231,441,665,26,144,76,2751,1499,840,255,29,374,16,1949,478,554,128870,176,38456,401,714,1900,723,374,1294,585,356,282,29,1665,16,22,362,79,2534,48,59,268,170,2500,108,234,827,749,582,307,101,181,661,683,1064,199,55,469,960,1314,623
369,2020,Himachal Pradesh,02,Mandi,022,2837,1132109,572094,560015,305348,135,83,199,751,833,836,426,81,1278,1750,574,716,1547,1558,483,63,733,7,131,185,2521,13,28,272,2465,59,536,1052,18,195,52,2572,2317,368,37,8,107,22,1668,915,232,226472,246,57632,411,735,1792,808,237,1433,654,416,334,26,1364,31,32,315,98,2392,44,65,218,259,2295,129,360,971,568,267,436,136,335,826,574,530,165,94,661,899,1018,728
370,2020,Himachal Pradesh,02,Bilaspur,015,1021,424525,216005,208520,104516,92,70,170,342,212,135,224,53,553,688,164,374,483,526,260,13,222,5,34,131,856,4,17,42,910,48,248,369,2,74,7,938,717,218,21,8,57,7,522,412,80,79463,53,5549,162,300,548,390,83,514,230,166,122,7,496,11,12,98,31,880,10,20,77,99,825,93,202,337,139,54,147,102,191,312,158,111,104,29,245,349,294,307
371,2020,Himachal Pradesh,02,Una,026,838,582178,298162,284016,133573,99,63,144,249,216,67,233,69,498,665,221,391,226,558,100,28,152,29,64,275,499,3,3,55,755,22,169,444,7,225,3,603,525,245,10,6,52,1,366,408,63,105500,52,8082,245,413,175,617,46,423,220,172,151,21,401,22,10,128,79,621,39,42,93,103,600,94,149,225,88,44,256,86,146,190,83,77,172,75,245,165,181,255
372,2020,Himachal Pradesh,02,Kangra,018,3673,1755639,896619,859020,421991,279,205,525,1228,1010,426,787,212,1896,2745,727,1628,1318,2143,986,85,459,61,198,670,2805,22,4,233,3326,88,756,1552,51,484,54,3084,2687,761,69,5,151,36,2150,1213,274,313483,147,85293,807,1343,1814,1541,318,1593,722,501,412,57,1989,33,50,411,188,3024,90,138,378,403,2754,313,749,1052,469,171,717,337,703,985,552,379,188,201,1206,1451,627,906
373,2020,Himachal Pradesh,02,Hamirpur,017,1693,547922,276023,271899,131411,151,161,388,658,269,66,406,107,1036,1280,508,581,604,1046,419,29,199,11,100,215,1378,6,2,152,1511,22,427,624,22,184,17,1470,1250,351,35,6,51,7,645,967,74,98822,236,22924,263,426,970,600,123,489,266,168,119,16,1181,23,27,205,113,1348,48,46,148,146,1353,177,365,536,226,49,262,213,384,512,181,141,217,119,740,321,296,288
374,2020,Himachal Pradesh,02,Lahul and Spiti,021,258,40614,20255,20359,7784,12,8,17,45,46,130,40,9,51,116,67,79,112,154,51,0,53,1,1,1,256,0,27,40,188,3,26,71,5,3,2,248,174,59,17,1,7,3,176,26,53,7007,57,3996,45,49,158,48,52,142,48,20,28,2,111,4,4,19,5,230,5,12,33,30,183,14,26,69,42,32,48,15,33,65,43,54,12,7,124,56,59,79
517,2020,Mizoram,15,Lunglei,265,130,153276,76791,76485,31833,14,5,8,9,12,82,13,7,50,89,10,72,48,14,25,23,68,0,10,12,108,7,17,25,77,4,25,106,5,14,21,90,23,42,19,2,44,0,95,23,12,21727,46,4381,39,55,30,26,74,130,117,57,14,5,0,45,6,60,40,24,5,2,6,65,57,3,2,8,8,36,14,1,5,7,14,89,5,6,34,59,26,6
375,2020,Rajasthan,08,Udaipur,117,2539,2667406,1370648,1296758,716487,375,19,151,539,777,678,374,304,495,1602,546,1416,577,757,178,840,764,195,663,351,1525,228,803,873,564,71,470,675,132,416,117,1874,192,347,559,130,1311,15,1970,234,320,212591,389,188667,582,1012,1928,408,203,2146,1029,614,526,235,290,270,127,310,281,1821,241,187,245,580,1527,76,173,472,487,319,459,38,147,567,721,607,83,33,630,972,821,1001
376,2020,Rajasthan,08,Dholpur,098,841,1110025,602870,507155,213770,47,7,62,264,333,128,147,48,221,559,133,619,89,131,77,353,280,12,151,82,608,33,142,411,246,9,166,334,18,75,66,682,63,110,260,57,351,3,716,55,67,115619,66,21311,120,260,671,133,37,713,363,205,137,18,106,35,48,163,46,584,22,71,53,146,571,9,43,251,204,64,102,8,52,252,292,135,33,15,369,340,84,258
377,2020,Rajasthan,08,Kota,109,866,893082,470724,422358,230098,71,13,52,235,312,183,93,34,155,639,397,369,100,210,75,58,523,15,156,102,608,15,69,365,392,25,204,151,9,29,95,733,174,266,164,48,214,6,691,88,81,107511,50,50592,110,219,615,165,86,693,294,141,166,13,148,54,65,66,82,653,21,18,53,129,666,10,50,234,258,114,86,9,47,205,333,186,32,35,506,212,81,276
378,2020,Rajasthan,08,Jalore,104,808,2051927,1073472,978455,447971,95,1,20,151,236,305,165,49,283,624,134,498,176,376,37,186,209,17,244,117,447,7,129,332,335,5,105,400,15,105,5,683,55,234,219,55,245,3,593,150,62,216327,127,56605,257,327,483,263,62,706,555,303,268,33,22,24,22,148,122,516,26,33,93,364,318,4,27,125,116,46,136,3,15,105,179,370,49,37,285,212,225,368
518,2020,Mizoram,15,Champhai,262,62,93357,45760,47597,18525,8,7,5,4,15,23,12,7,25,52,1,46,15,8,22,14,18,1,7,7,48,1,3,9,48,1,9,59,16,6,5,35,7,23,12,1,19,0,53,6,3,15838,12,538,35,39,34,11,17,61,56,43,9,2,0,41,4,26,24,8,2,0,6,33,23,5,2,5,8,3,8,3,4,9,12,26,5,3,20,17,17,15
379,2020,Rajasthan,08,Nagaur,110,1638,3126222,1629017,1497205,658375,142,11,40,310,701,434,348,135,665,1297,290,859,489,1062,51,126,399,40,352,165,1121,11,112,626,877,12,271,832,35,155,13,1435,149,711,365,57,356,9,1055,472,102,369193,104,42750,463,554,946,597,95,1263,1046,556,499,34,123,57,62,389,142,1045,43,100,183,575,780,27,75,301,290,87,265,25,72,337,500,439,132,106,673,393,334,738
380,2020,Rajasthan,08,Jodhpur,107,1924,3031580,1618441,1413139,683325,142,11,32,286,600,853,277,111,536,967,161,865,898,1195,44,101,584,41,403,182,1339,25,234,680,963,22,222,592,19,251,35,1619,74,468,726,141,515,5,1385,335,199,259975,179,104183,349,607,1302,497,125,1426,878,518,441,36,334,110,30,164,140,1590,70,77,137,410,1300,15,62,328,449,446,197,13,43,236,480,955,132,50,292,531,919,462
381,2020,Rajasthan,08,Sirohi,115,505,1032131,539101,493030,225312,58,0,23,112,180,132,111,30,232,401,104,271,130,96,15,328,66,9,170,53,282,6,59,194,235,11,94,241,3,59,12,431,69,199,88,14,135,1,345,128,31,115459,28,39979,158,198,276,186,43,432,294,167,149,12,45,18,53,98,52,302,14,34,78,142,251,3,25,100,83,40,102,5,28,95,137,138,36,34,222,102,111,264
382,2020,Rajasthan,08,Hanumangarh,101,1910,1779437,942983,836454,388044,146,50,196,542,627,349,204,86,557,844,227,612,1071,834,16,241,819,28,284,146,1480,22,156,644,1047,41,202,342,65,65,23,1757,497,538,283,36,556,11,1443,295,161,207402,134,49573,235,345,1461,348,101,644,480,295,273,44,1085,71,71,176,120,1543,32,70,124,261,1455,77,231,603,392,152,222,77,207,542,484,378,46,60,343,451,1010,179
519,2020,Mizoram,15,Serchhip,268,55,79578,39012,40566,15683,13,3,8,3,8,20,17,4,15,48,10,42,3,3,17,15,20,0,11,6,38,1,3,11,40,0,13,53,1,13,3,38,10,18,2,1,24,2,33,20,0,10159,9,307,24,28,17,11,27,52,52,36,11,2,2,41,6,30,14,5,3,1,5,32,17,3,4,2,5,3,9,7,6,6,8,19,4,2,28,14,7,10
383,2020,Rajasthan,08,Karauli,108,901,1451119,780818,670301,271090,79,8,38,209,327,240,113,62,180,610,130,565,206,336,33,200,332,31,216,124,561,26,131,516,213,15,93,247,11,62,40,788,80,195,247,56,323,1,771,64,65,148051,49,33928,213,361,674,160,67,742,416,263,188,33,114,57,31,71,53,746,51,74,94,124,609,18,59,231,145,156,125,9,38,241,236,252,41,41,179,412,228,301
384,2020,Rajasthan,08,Sawai Madhopur,113,824,1328568,706980,621588,302002,91,6,52,271,314,90,117,67,221,609,203,411,210,258,129,123,314,17,241,105,478,9,121,412,255,27,116,337,10,79,48,687,61,161,120,38,444,2,684,72,66,124949,34,37811,167,293,595,148,81,623,384,220,201,14,134,59,26,60,117,621,34,36,103,141,544,14,51,220,198,61,130,5,34,225,284,146,9,21,300,328,166,398
385,2020,Rajasthan,08,Sikar,114,1201,2371923,1241218,1130705,498020,171,16,67,382,411,154,282,109,535,895,264,682,255,642,44,216,299,30,342,177,682,16,78,390,706,11,326,509,32,144,14,1011,278,435,296,63,129,5,623,483,90,232816,165,14557,385,439,799,321,81,892,695,409,359,48,147,58,42,227,121,811,63,75,160,405,561,19,69,248,168,57,312,20,94,291,301,183,115,64,494,293,235,499
386,2020,Rajasthan,08,Jhunjhunu,106,982,2082719,1089478,993241,453673,131,16,89,333,329,84,243,73,576,838,242,546,194,628,17,110,227,14,224,147,611,0,31,273,673,5,221,528,18,76,7,881,341,415,153,6,67,3,332,610,37,296745,112,5026,370,382,523,403,56,658,580,372,341,56,91,34,101,327,114,440,39,38,156,445,343,13,77,143,88,22,223,21,95,247,259,137,148,92,356,180,206,375
520,2020,Mizoram,15,Kolasib,263,56,104568,51235,53333,23786,10,11,5,2,4,24,27,5,36,52,11,45,0,4,17,32,3,2,1,20,35,0,1,8,47,0,24,51,1,17,11,27,13,34,8,0,1,0,36,20,0,16351,16,2987,24,39,26,14,16,55,52,39,8,2,1,29,5,24,22,5,1,3,5,35,13,4,2,1,2,4,10,5,6,5,7,23,3,2,28,14,9,3
387,2020,Rajasthan,08,Dausa,097,1158,1752368,927691,824677,331281,82,12,56,350,472,186,172,62,415,733,213,791,154,243,44,184,687,14,211,120,827,10,139,730,274,5,157,362,14,275,18,851,23,224,326,160,425,4,815,203,136,144079,64,18901,185,298,960,147,51,868,503,238,192,37,217,31,20,52,147,939,30,23,121,213,801,10,88,375,255,73,135,19,78,418,364,144,12,34,380,575,157,445
388,2020,Rajasthan,08,Jaisalmer,103,840,718034,394227,323807,140386,81,2,9,45,146,557,86,71,185,352,29,329,482,516,28,33,263,19,121,62,657,15,133,384,181,127,38,176,14,68,119,639,20,63,132,148,477,3,612,35,190,44254,66,34948,131,195,584,136,120,558,293,147,119,15,227,45,10,156,39,635,23,60,51,232,497,7,18,62,99,311,69,3,15,45,156,552,8,8,46,396,382,253
389,2020,Rajasthan,08,Jaipur,102,2263,3686037,1944725,1741312,736671,258,21,152,810,802,220,431,207,920,1701,523,1214,526,976,137,148,1002,47,377,210,1676,29,174,863,1171,26,354,800,59,217,132,1855,211,768,687,111,486,9,1602,438,214,329456,145,34866,485,666,1616,532,115,1630,1118,603,517,95,293,56,47,292,221,1703,133,78,207,405,1573,33,182,766,463,129,343,25,178,709,720,288,186,146,817,673,441,884
390,2020,Rajasthan,08,Bharatpur,091,1519,2465342,1329928,1135414,441909,100,23,164,606,529,97,283,88,577,1112,364,917,238,451,201,259,608,51,475,251,793,7,233,701,555,23,234,527,37,193,254,1035,45,403,551,48,472,3,914,499,103,228813,49,21870,340,507,728,714,77,1238,780,526,437,55,142,45,40,299,189,991,50,57,355,275,832,28,148,391,225,40,197,23,115,614,438,132,76,64,651,538,190,397
391,2020,Rajasthan,08,Banswara,088,1539,1922252,981162,941090,479129,121,25,96,511,563,223,127,84,203,798,212,844,483,319,30,896,294,12,461,144,934,90,740,631,73,5,166,359,22,112,145,1260,40,181,310,82,926,3,1318,86,132,116940,183,134918,150,517,1317,123,99,1346,645,332,270,65,160,78,36,163,128,1212,39,87,129,371,952,16,100,422,326,88,205,24,108,508,485,209,27,31,169,711,601,208
392,2020,Rajasthan,08,Pratapgarh,629,1009,956222,496901,459321,235505,46,4,35,228,387,309,106,42,207,695,118,605,286,285,38,417,269,5,283,68,658,36,226,446,272,29,133,183,18,80,63,848,65,229,203,53,459,4,901,60,44,76845,84,63106,145,233,810,132,67,804,349,166,134,23,179,28,32,282,83,612,13,80,85,175,669,14,61,271,226,97,78,10,49,272,380,220,38,20,254,493,204,413
393,2020,Rajasthan,08,Alwar,087,2106,3650990,1945612,1705378,689955,201,23,165,731,789,197,368,143,793,1603,459,1175,472,552,104,319,1131,46,425,253,1428,20,250,1023,794,19,304,803,36,207,25,1838,182,715,448,83,678,17,1371,555,163,346726,148,22304,451,639,1410,582,114,1546,1090,613,509,54,217,241,75,302,293,1436,72,124,260,361,1361,29,195,620,423,94,334,36,163,638,696,239,115,157,851,637,346,687
394,2020,Rajasthan,08,Bhilwara,092,1913,2217402,1139475,1077927,511334,114,20,102,476,756,445,334,101,534,1332,593,1082,238,543,166,283,921,29,344,168,1401,39,155,713,981,25,297,406,34,162,43,1674,379,650,383,103,398,15,1552,213,133,261926,108,67172,349,507,1513,304,96,1624,915,403,324,46,156,80,102,307,230,1274,39,86,150,340,1337,24,134,512,460,207,236,26,130,530,618,373,76,72,1020,499,246,1138
395,2020,Rajasthan,08,Tonk,116,1171,1406365,734721,671644,300660,85,6,50,298,509,223,124,73,228,782,260,699,212,277,164,109,621,15,202,102,867,6,75,553,518,19,135,271,25,68,49,1029,246,399,281,73,172,2,1024,68,77,97482,115,47927,197,277,905,179,87,890,458,234,192,28,191,53,65,167,134,805,26,65,90,192,824,5,66,283,340,130,181,9,57,279,429,216,26,22,485,491,147,585
396,2020,Rajasthan,08,Ajmer,086,1134,1874567,977615,896952,416123,118,4,36,270,496,210,252,104,422,907,228,683,223,387,64,191,492,26,293,139,702,14,63,455,590,12,225,480,22,112,26,974,159,294,317,64,300,3,715,291,125,195612,113,26809,273,396,687,345,102,969,655,339,266,22,62,48,50,267,116,701,39,49,138,270,677,4,55,291,249,78,211,6,45,243,376,253,42,41,609,298,144,726
397,2020,Rajasthan,08,Dungarpur,099,1016,1559663,781866,777797,356030,115,15,47,345,406,88,213,90,466,767,187,684,145,249,38,640,89,32,294,160,562,30,186,492,301,7,139,382,29,162,46,779,37,131,162,45,641,11,858,102,45,155108,77,111789,240,468,667,193,156,899,499,312,245,70,64,53,38,185,139,654,44,66,132,297,521,10,53,269,155,34,228,19,69,328,294,78,28,16,201,353,418,457
398,2020,Rajasthan,08,Ganganagar,100,3024,1649725,873395,776330,350332,150,50,158,633,1029,1004,295,95,997,1752,344,1383,1297,1107,33,621,1263,50,378,137,2509,16,93,888,1913,114,398,432,176,79,11,2758,808,961,433,96,726,10,2166,547,301,184342,183,58129,270,424,2382,443,199,1398,737,391,354,28,1385,66,97,179,153,2595,44,95,169,302,2458,115,273,916,758,396,184,59,151,688,915,1027,74,59,253,930,1708,120
399,2020,Rajasthan,08,Baran,089,1232,1204010,640415,563595,249640,67,10,29,233,441,452,145,42,512,811,447,577,208,235,46,351,600,21,226,70,936,7,167,592,424,42,115,292,6,47,122,1057,107,312,223,43,547,3,1030,88,111,141023,21,83048,182,255,1044,135,53,972,533,245,186,31,215,26,19,128,61,1024,24,30,86,189,927,23,73,343,315,173,126,14,55,239,374,424,5,18,648,372,189,758
400,2020,Rajasthan,08,Rajsamand,112,1083,1093142,554742,538400,281927,86,9,46,310,404,228,138,70,282,815,406,583,94,358,86,237,402,44,226,118,739,8,140,418,509,8,228,336,36,95,20,932,236,380,211,57,199,2,761,209,111,129858,66,24627,194,315,764,230,89,941,378,215,201,37,114,79,42,175,114,752,31,81,91,170,741,14,75,318,224,110,137,13,81,337,322,193,38,69,588,249,139,671
401,2020,Rajasthan,08,Barmer,090,2971,3004611,1566427,1438184,602153,117,3,36,243,758,1814,286,111,860,1487,167,909,1895,1623,114,553,681,29,432,194,2345,46,557,1618,690,60,259,686,11,182,37,2741,78,259,630,220,1784,4,2338,186,443,232826,161,184939,386,670,2159,578,234,2429,1389,551,437,47,300,87,40,281,261,2389,37,66,215,709,1981,22,99,507,653,700,184,11,43,298,626,1809,70,35,211,735,1920,583
402,2020,Rajasthan,08,Pali,111,1048,1806427,925373,881054,437385,142,13,30,241,398,224,221,82,482,768,229,655,164,489,58,235,266,48,349,145,554,10,53,393,580,12,211,459,24,187,22,815,209,371,186,42,240,10,510,439,89,222352,61,39820,314,428,585,375,88,806,634,357,305,40,62,65,55,288,123,582,44,55,140,333,520,15,45,209,186,65,161,11,29,212,367,268,61,73,523,283,108,539
403,2020,Rajasthan,08,Churu,096,902,1739462,918164,821298,366427,117,12,27,143,266,337,197,59,331,699,101,563,238,625,11,156,110,37,266,226,410,5,90,324,473,10,264,456,27,78,11,786,249,411,120,38,84,6,620,251,25,197962,79,31741,291,340,471,344,87,741,519,296,235,28,61,59,119,226,102,455,44,49,165,406,282,15,23,106,61,77,160,11,19,112,216,384,54,52,264,346,186,424
404,2020,Rajasthan,08,Bundi,094,883,1079330,566910,512420,223268,69,1,24,194,414,181,116,33,151,664,269,495,119,161,51,158,513,11,161,51,671,7,49,376,444,7,111,239,17,54,42,770,59,181,159,61,423,1,746,80,56,133478,44,46373,139,200,702,122,59,781,397,174,163,22,72,49,30,236,60,557,24,41,52,130,660,6,50,199,303,102,92,6,46,149,373,217,13,13,448,327,82,322
405,2020,Rajasthan,08,Jhalawar,105,1626,1374796,715954,658842,313809,68,26,62,435,566,469,141,42,367,1039,354,901,371,343,78,316,889,5,206,131,1289,34,177,675,669,71,215,285,16,21,106,1483,268,506,330,110,412,7,1263,155,201,108191,55,83668,200,290,1292,194,140,1277,574,241,232,34,275,84,53,186,148,1239,25,82,73,202,1269,26,92,455,449,247,104,23,83,428,565,423,44,66,711,464,341,755
406,2020,Rajasthan,08,Chittorgarh,095,1756,1421333,726091,695242,333417,88,19,93,584,645,327,252,76,612,1191,431,823,502,524,65,194,973,29,292,120,1344,19,173,520,987,57,354,427,20,90,19,1627,281,423,417,98,537,3,1388,215,150,201577,76,46434,221,362,1277,371,108,1340,667,317,289,38,333,69,69,466,222,999,21,91,136,243,1286,32,135,604,376,139,164,18,121,556,590,307,49,64,758,557,328,994
407,2020,Rajasthan,08,Bikaner,093,1161,2112644,1138595,974049,370214,166,5,23,77,228,662,209,98,325,557,139,562,460,591,62,206,302,31,298,114,749,25,122,400,521,93,216,276,34,164,16,947,138,367,308,42,306,0,842,173,146,159828,73,76310,214,387,789,198,174,718,416,219,233,16,374,33,32,161,111,857,22,33,86,324,718,4,16,60,176,462,128,8,15,39,170,801,59,73,117,399,513,155
408,2020,Kerala,32,Ernakulam,555,120,2131450,1053024,1078426,535722,112,0,7,1,0,0,114,108,120,119,69,51,0,119,1,0,0,6,36,69,15,0,0,2,118,0,113,117,17,55,21,27,12,101,7,0,0,0,0,120,0,510004,102,2310,109,84,20,98,2,117,111,103,98,43,3,106,9,62,31,18,38,24,65,13,18,3,6,5,4,0,91,3,11,9,6,0,5,62,52,0,1,1
409,2020,Kerala,32,Thrissur,566,215,2403865,1140486,1263379,584533,199,3,5,8,0,0,71,165,211,212,33,182,0,213,0,2,0,8,20,152,43,0,0,5,210,0,208,212,11,116,8,80,11,195,8,0,1,0,0,215,0,550826,160,4191,205,90,44,162,9,206,175,143,124,44,7,178,15,119,15,66,34,21,73,80,41,0,12,27,2,0,123,1,14,61,16,0,0,19,154,41,1,20
410,2020,Kerala,32,Thiruvananthapuram,565,104,2174868,1033992,1140876,575518,100,1,1,1,1,0,100,94,104,104,54,49,1,104,0,0,0,11,15,82,7,0,0,2,102,0,103,104,4,92,4,4,5,91,8,0,0,0,0,104,0,528687,63,10280,100,73,11,92,1,99,97,90,82,37,4,97,5,47,36,16,39,26,51,12,15,2,5,6,2,0,83,1,2,12,4,2,57,40,7,0,0,3
411,2020,Kerala,32,Kozhikode,561,100,2100620,1000565,1100055,484888,90,0,2,7,1,0,42,83,99,99,15,83,2,96,4,0,0,6,16,72,12,0,0,2,98,0,93,99,0,94,0,6,0,36,63,0,1,0,0,100,0,434583,21,6541,95,70,17,83,0,98,94,87,76,39,2,94,3,71,11,15,25,18,54,20,8,0,0,8,0,0,74,0,5,19,2,0,9,23,52,14,2,0
412,2020,Kerala,32,Wayanad,567,52,692449,340478,351971,161148,43,2,1,6,0,0,25,36,52,52,44,8,0,52,0,0,0,0,8,38,6,0,0,0,52,0,50,49,29,21,0,2,0,41,11,0,0,0,0,52,0,157294,10,5377,48,23,4,45,3,50,47,45,39,10,1,43,2,38,7,5,7,16,16,16,4,0,3,1,0,0,39,1,5,4,1,2,18,10,17,6,1,1
422,2020,Chhattisgarh,22,Baloda Bazar,644,963,1381288,692811,688477,303709,49,9,54,246,350,255,169,30,231,815,168,642,153,312,13,80,558,9,174,141,648,11,32,261,635,24,191,607,5,4,356,598,137,183,155,31,457,3,775,31,154,134598,127,109786,153,654,365,515,83,940,581,231,143,8,23,294,27,208,30,698,11,36,72,108,747,9,95,290,235,118,55,8,43,243,334,280,22,42,191,265,443,522
423,2020,Chhattisgarh,22,Sukma,642,395,268653,131020,137633,65311,13,1,8,29,48,296,15,4,25,132,21,94,280,24,3,101,267,1,98,13,284,15,43,60,118,159,18,120,1,1,105,288,48,15,23,22,287,2,138,4,251,13978,74,43809,50,107,230,54,111,243,116,27,13,4,149,41,6,23,18,348,7,18,18,87,272,1,8,31,44,188,8,5,3,20,49,310,4,5,20,26,340,147
424,2020,Chhattisgarh,22,Korea,384,639,515124,261610,253514,133426,28,4,19,95,154,339,57,7,76,422,37,335,267,216,16,183,224,11,74,59,506,58,127,249,121,84,80,320,1,5,150,483,25,56,82,56,420,1,469,14,155,46765,120,75942,50,351,256,220,163,583,357,133,66,16,53,180,18,93,17,511,14,17,52,102,468,1,32,122,147,166,38,4,21,90,184,302,13,11,69,118,428,136
425,2020,Chhattisgarh,22,Kabirdham,382,971,833529,419636,413893,204326,53,5,43,264,367,239,149,29,200,797,143,625,203,292,29,79,571,14,178,180,613,55,130,377,385,24,199,502,6,13,198,754,94,167,171,75,464,4,766,35,166,77247,121,68393,86,532,396,446,129,866,481,156,86,27,100,125,31,109,66,765,21,29,69,111,762,18,90,360,211,83,50,8,34,234,361,284,15,77,259,286,334,442
507,2020,Tripura,16,Dhalai,269,238,455953,229384,226569,111584,34,12,27,61,51,53,54,12,86,153,5,142,91,4,30,170,34,7,39,35,164,21,30,82,86,19,44,162,2,54,51,131,3,28,131,18,58,0,178,14,46,51705,44,49810,80,172,32,170,36,216,172,87,37,4,17,2,4,77,9,148,6,5,33,133,67,8,11,29,10,9,53,8,31,43,36,67,3,3,35,120,77,43
426,2020,Chhattisgarh,22,Surguja,389,571,845303,428323,416980,200674,56,5,10,99,135,266,151,26,207,508,91,433,47,203,15,257,96,8,361,38,172,9,65,292,194,11,146,485,3,16,163,389,34,128,161,24,224,1,492,51,27,92384,119,126800,63,474,141,386,44,557,417,159,76,15,8,101,24,184,79,284,18,40,88,122,321,6,11,80,98,126,48,5,12,72,130,304,36,19,170,161,185,242
427,2020,Chhattisgarh,22,Korba,383,723,865146,443121,422025,215903,92,9,43,144,212,223,123,55,176,545,114,405,204,257,37,74,355,44,209,55,459,60,112,327,187,37,136,400,14,26,300,383,41,77,125,99,381,16,565,39,103,74596,138,88651,140,435,360,173,190,663,371,195,123,51,53,84,40,167,52,464,49,47,103,141,432,9,39,141,137,106,94,7,34,119,217,252,41,25,159,201,297,211
428,2020,Chhattisgarh,22,Durg,378,388,696749,352424,344325,161649,65,7,29,139,116,32,123,43,172,367,91,243,54,187,3,23,175,14,215,38,135,13,12,78,279,6,151,313,1,13,224,150,93,113,72,10,100,5,304,30,49,93861,75,51476,102,317,96,266,26,383,240,114,79,20,4,168,33,106,28,221,17,19,40,69,260,3,34,141,72,10,50,3,29,134,137,35,21,41,134,100,92,282
429,2020,Chhattisgarh,22,Raigarh,386,1451,1398702,714507,684195,349175,79,16,78,354,500,424,179,41,233,1092,326,792,333,418,81,159,793,27,338,129,984,40,76,544,746,45,309,753,3,11,403,1034,163,354,337,77,520,3,1094,121,233,146461,169,154441,270,866,696,592,163,1353,785,249,172,25,91,189,47,325,80,999,17,63,117,283,988,27,106,398,310,147,143,22,83,324,448,431,70,62,295,314,710,508
521,2020,Ladakh,37,Leh Ladakh,009,129,108565,55048,53517,19015,56,2,1,6,22,42,9,18,62,105,3,56,70,64,11,0,54,0,0,3,126,19,23,19,57,11,5,110,1,16,0,112,0,33,43,6,47,0,56,42,31,18074,26,15317,34,20,90,14,25,77,89,36,18,2,10,6,2,32,2,93,1,5,24,85,15,4,1,4,3,3,45,0,0,1,15,68,4,0,3,16,106,69
430,2020,Chhattisgarh,22,Surajpur,648,544,801829,406511,395318,192534,50,3,26,131,175,159,147,20,157,441,46,356,142,268,11,60,205,16,145,113,286,29,107,198,182,28,125,415,2,6,216,320,31,93,113,29,278,0,452,15,77,73406,134,121387,73,462,166,326,52,532,420,142,79,25,9,115,30,108,37,369,16,27,52,98,367,11,38,143,104,71,58,4,26,118,158,180,21,18,81,199,225,244
431,2020,Chhattisgarh,22,Janjgir-Champa,379,881,1717097,879784,837313,433339,85,3,44,257,366,126,158,51,189,750,211,498,172,360,27,95,399,22,205,148,528,36,62,268,511,4,237,606,8,9,447,417,101,219,155,42,364,4,715,34,128,192767,129,135071,226,665,319,438,124,866,648,262,162,31,13,71,39,103,52,687,23,48,94,114,625,12,62,253,219,79,87,13,46,234,331,170,69,56,194,193,369,358
432,2020,Chhattisgarh,22,Bastar,374,623,746286,368415,377871,179682,84,5,33,143,184,174,170,50,170,465,109,329,185,211,39,223,150,32,119,107,397,23,62,143,372,23,251,379,18,22,286,297,115,178,174,34,122,5,443,81,94,69712,121,101874,175,455,312,178,133,588,427,158,113,38,29,84,36,131,64,392,42,38,110,147,328,7,39,118,83,81,66,2,20,125,194,216,17,13,168,204,221,163
433,2020,Chhattisgarh,22,Gariyaband,645,697,602409,299143,303266,159431,24,5,34,125,198,311,120,13,145,532,138,366,193,187,42,73,395,5,188,62,447,43,98,204,281,71,109,360,3,10,216,468,101,135,100,34,327,3,530,26,138,64790,172,68769,98,370,337,269,91,650,397,145,75,13,46,140,30,112,42,513,15,38,64,92,503,13,63,203,140,84,64,11,42,155,177,248,30,38,134,123,372,253
522,2020,Ladakh,37,Kargil,006,136,142230,71189,71041,20801,17,1,8,17,20,73,15,14,50,86,21,43,72,84,19,1,32,0,12,9,115,4,22,58,41,11,13,107,0,18,5,113,2,36,42,8,48,3,85,10,38,16351,19,8098,31,73,77,22,37,102,116,49,18,2,0,10,1,17,2,116,1,15,28,79,14,2,3,2,5,2,42,3,3,15,20,53,4,0,0,29,103,92
434,2020,Chhattisgarh,22,Dhamtari,377,623,698447,349205,349242,160910,46,2,40,166,186,183,158,19,188,524,137,429,57,173,21,151,278,10,180,63,380,17,39,242,308,17,143,357,1,17,268,337,105,210,181,39,88,2,464,79,78,85847,102,54453,104,397,275,270,78,609,390,160,111,11,14,189,42,266,40,275,26,45,52,94,432,12,67,171,111,71,56,5,34,189,167,172,25,42,254,178,124,258
435,2020,Chhattisgarh,22,Jashpur,380,755,873424,436825,436599,214949,55,3,16,152,238,291,90,28,171,590,104,474,177,311,12,222,210,8,190,87,478,42,119,312,264,18,127,471,2,6,175,572,20,55,110,61,509,5,591,17,142,104040,148,136092,158,502,325,344,86,725,427,161,95,30,23,148,18,126,34,577,27,67,63,170,455,8,32,183,137,95,77,5,18,154,217,284,17,34,171,197,336,321
436,2020,Chhattisgarh,22,Bijapur,636,584,262183,138078,124105,54245,22,0,5,29,58,470,21,8,29,82,18,114,452,38,33,27,486,4,20,10,554,38,76,98,58,314,20,123,4,8,38,534,3,18,46,20,497,0,129,8,447,7632,75,40280,70,116,482,30,72,239,89,35,23,10,339,9,2,39,8,535,7,29,23,17,515,2,5,38,83,387,8,2,4,26,62,482,1,6,7,14,556,119
437,2020,Chhattisgarh,22,Balod,646,687,799165,397991,401174,172068,47,11,46,253,240,90,124,28,214,597,106,474,107,337,11,19,320,17,176,106,405,23,39,232,389,4,160,444,0,10,290,387,129,249,100,28,181,2,584,44,57,105441,127,58305,117,469,192,440,55,673,372,170,126,15,12,341,45,342,64,236,15,34,49,139,465,14,81,254,96,20,65,8,62,261,199,92,18,68,199,221,181,503
438,2020,Chhattisgarh,22,Narayanpur,637,422,132519,65881,66638,30018,8,1,1,21,75,316,11,7,29,106,11,97,314,42,2,6,372,0,36,15,371,20,49,101,56,196,11,114,2,6,49,365,19,47,73,30,253,0,107,9,306,7779,55,21085,32,111,278,86,58,245,94,26,22,3,175,3,3,48,6,365,3,9,15,31,367,1,8,51,89,218,9,1,4,25,66,317,1,5,17,54,345,112
439,2020,Chhattisgarh,22,Bilaspur,375,668,1400227,724484,675743,317879,70,5,33,170,270,120,99,21,102,555,135,376,157,217,6,161,284,25,135,73,460,26,85,272,278,7,165,470,4,7,314,343,105,168,146,31,218,1,517,33,117,147636,96,114175,125,469,279,313,76,649,414,188,101,15,19,75,32,99,40,497,16,36,66,61,505,7,37,191,199,71,73,4,31,177,252,131,43,52,145,171,257,270
440,2020,Chhattisgarh,22,Dantewada,376,223,226378,110724,115654,53966,27,5,5,35,60,91,29,17,31,145,31,82,110,56,12,52,103,15,44,23,156,18,52,65,68,20,38,136,5,5,44,169,7,50,48,6,112,2,143,7,71,14535,48,31976,94,140,107,74,42,206,124,55,25,11,14,28,7,31,10,175,12,24,21,42,136,1,6,40,41,48,25,5,5,31,57,100,14,5,9,54,141,83
441,2020,Chhattisgarh,22,Raipur,387,485,996036,502064,493972,224545,73,3,35,159,166,49,148,52,172,443,106,302,77,192,11,36,246,22,161,73,251,9,8,96,367,5,162,387,3,5,262,215,81,152,76,24,152,8,391,54,32,121703,56,67255,103,419,109,314,62,483,338,141,97,15,2,257,37,148,35,265,14,28,51,97,309,3,43,154,97,12,72,3,35,191,145,39,24,69,243,71,78,314
442,2020,Chhattisgarh,22,Gaurella Pendra Marwahi,734,222,339777,169104,170673,94314,23,3,4,44,85,63,48,4,40,173,20,135,67,103,0,61,58,8,43,24,155,7,27,110,77,1,43,169,1,1,84,136,7,25,42,19,129,2,173,16,31,37559,36,54352,54,180,99,90,33,220,175,62,32,5,2,23,13,26,14,169,6,12,25,28,157,4,11,58,54,30,36,1,6,49,73,57,9,15,58,40,100,110
443,2020,Chhattisgarh,22,Bemetara,650,689,885483,445449,440034,186200,25,10,31,195,311,117,75,15,124,626,77,508,104,264,9,59,357,4,105,124,460,8,24,235,421,1,186,397,4,8,270,407,99,215,141,18,216,0,590,57,42,79366,38,49318,77,441,292,283,114,670,359,153,89,11,19,161,36,99,51,503,10,28,44,65,552,9,46,195,230,72,46,6,23,154,281,179,4,56,159,278,192,354
444,2020,Chhattisgarh,22,Kondagaon,643,571,579342,284906,294436,125671,29,3,15,98,232,194,58,11,72,417,60,255,256,87,54,273,157,7,185,73,313,65,124,201,170,11,71,358,1,10,277,283,30,52,143,47,299,1,457,24,89,49224,89,77565,124,358,207,278,86,555,414,168,91,12,12,211,59,251,25,236,13,26,66,140,339,5,29,125,119,61,32,6,25,122,202,184,19,12,36,129,375,158
445,2020,Chhattisgarh,22,Mungeli,647,701,875864,451036,424828,189806,28,13,22,169,250,219,82,11,110,585,120,456,125,206,19,227,249,7,85,111,505,32,78,274,289,28,113,381,4,4,179,514,71,172,106,25,327,1,552,18,130,86496,96,59669,85,386,351,297,53,596,260,133,59,12,101,109,18,94,22,567,7,23,36,61,581,13,53,242,184,89,36,11,34,200,243,177,15,17,152,242,275,240
446,2020,Chhattisgarh,22,Kanker,381,1084,729827,363699,366128,167038,50,13,49,245,326,401,115,25,138,618,110,560,414,228,92,119,645,16,197,130,757,129,221,346,347,41,158,590,8,18,338,720,128,213,267,55,421,7,762,54,261,81267,131,102922,233,617,523,436,125,997,548,240,148,32,79,222,97,172,121,694,30,73,111,161,739,21,93,259,215,151,79,16,59,254,292,384,33,36,150,191,674,504
447,2020,Chhattisgarh,22,Rajnandgaon,388,1602,1434424,716426,717998,302081,115,27,106,508,571,275,221,50,345,1347,279,1022,301,640,29,140,793,27,366,187,1049,29,110,529,904,30,325,820,4,15,486,1097,299,495,294,77,437,10,1313,95,184,156944,211,163366,376,912,702,754,146,1519,728,310,192,38,81,357,79,359,133,1031,24,54,100,210,1238,34,163,573,342,126,129,31,98,498,500,346,53,72,563,316,598,748
448,2020,Chhattisgarh,22,Mahasamund,385,1163,1024053,509570,514483,260151,40,9,44,341,362,367,271,33,166,927,226,716,221,368,60,69,666,14,293,167,703,17,65,433,593,55,161,604,7,22,260,874,172,339,317,67,268,12,951,62,138,135039,210,88791,132,607,431,655,77,1024,455,185,121,25,134,295,82,270,62,749,25,70,105,130,858,23,97,377,206,155,58,10,46,336,321,392,45,66,255,361,436,533
449,2020,Chhattisgarh,22,Balrampur,649,637,762723,389728,372995,204255,46,4,17,101,210,259,117,13,148,490,109,344,184,257,17,212,151,5,257,36,344,25,173,263,158,18,154,455,5,11,221,400,38,139,118,35,307,4,505,26,102,75529,153,126569,114,495,223,350,64,608,416,129,76,24,22,91,64,138,56,379,19,44,61,102,430,13,32,111,163,111,60,13,16,72,182,294,28,22,54,104,429,233
450,2020,Madhya Pradesh,23,Niwari,722,254,393791,211371,182420,81030,10,0,8,52,106,78,30,0,73,238,49,144,61,24,3,206,21,1,7,34,213,0,10,116,128,0,34,86,0,2,146,106,23,61,70,8,92,0,243,10,1,39780,3,20239,52,145,108,45,101,236,137,46,14,1,18,1,9,63,9,173,0,5,8,14,227,1,11,39,86,90,19,2,5,37,82,109,4,9,114,89,38,88
451,2020,Madhya Pradesh,23,Katni,413,905,1296311,679208,617103,308013,102,15,62,231,314,181,153,41,164,709,315,466,124,366,8,260,271,43,131,107,667,29,93,276,483,24,186,410,7,18,188,692,161,174,203,54,313,3,729,39,134,109056,25,89981,181,499,593,237,75,829,472,164,88,14,71,16,60,142,44,659,14,24,56,98,727,17,60,177,237,236,66,16,44,172,321,286,37,28,458,144,238,283
508,2020,Tripura,16,North Tripura,270,188,439245,221810,217435,99030,25,7,23,45,53,35,24,14,51,129,3,123,62,5,28,116,39,4,10,30,148,8,21,55,89,15,55,100,2,27,57,102,4,36,80,17,51,0,150,16,22,49511,15,37731,94,124,35,128,25,157,106,67,40,2,18,6,3,82,5,98,4,4,21,91,72,6,12,25,14,15,45,10,19,45,24,45,2,6,25,109,46,22
452,2020,Madhya Pradesh,23,Sehore,427,1044,1285038,666325,618713,252713,81,7,50,256,380,270,153,50,187,891,366,578,100,362,43,35,604,7,115,110,819,3,18,138,871,14,236,295,23,4,164,853,157,188,156,45,498,4,848,69,123,130620,36,91835,160,529,639,329,76,958,604,207,99,17,78,269,65,106,88,785,10,33,24,128,859,14,56,215,299,275,84,8,38,191,320,403,27,34,568,221,194,328
453,2020,Madhya Pradesh,23,Bhind,395,911,1597718,882309,715409,272743,66,9,24,182,371,259,119,32,236,758,221,550,140,208,18,289,396,20,81,72,758,14,99,370,404,24,155,357,11,29,26,845,75,117,90,26,603,2,742,30,137,117595,40,27995,219,428,588,209,114,868,585,163,75,16,35,17,27,110,55,719,11,47,27,64,773,4,19,157,309,284,62,6,19,155,329,340,15,51,513,166,166,327
454,2020,Madhya Pradesh,23,Jabalpur,411,1353,1186643,620202,566441,287036,105,23,68,385,521,251,221,41,365,1089,613,588,152,461,53,263,576,22,119,114,1120,17,58,301,958,19,293,507,16,18,175,1144,292,417,231,75,338,3,1085,84,181,135911,39,97060,172,596,833,386,134,1152,525,139,71,24,194,21,66,241,87,959,15,31,56,123,1143,21,86,303,437,296,96,19,71,305,482,380,55,45,654,299,300,552
455,2020,Madhya Pradesh,23,Bhopal,396,508,548477,294753,253724,114964,50,6,22,143,168,119,95,35,126,432,209,251,48,158,19,91,240,6,50,96,362,1,2,68,428,9,106,162,2,10,52,444,75,109,102,33,189,0,401,52,55,51215,10,36452,68,250,320,159,29,438,236,66,31,6,64,24,35,86,49,338,5,14,15,46,433,6,20,94,165,148,55,3,33,96,156,165,4,27,274,115,88,182
456,2020,Madhya Pradesh,23,Rewa,424,2413,2405918,1285902,1120016,563507,157,27,128,567,923,611,210,97,400,1466,353,1405,655,420,36,1103,854,29,338,343,1732,39,171,701,1470,32,334,920,37,143,122,2111,170,364,506,141,1232,6,1883,164,360,204379,67,204004,421,1123,1645,466,302,1639,879,314,168,51,734,29,46,168,182,2017,43,173,89,164,1987,34,117,420,786,630,151,30,94,410,888,840,49,58,486,693,1127,189
457,2020,Madhya Pradesh,23,Dewas,402,1064,1294950,672020,622930,261769,67,12,50,271,379,285,156,34,251,836,320,619,125,385,69,10,600,10,111,134,819,3,5,141,900,15,282,390,16,4,142,902,132,222,179,50,481,3,897,62,102,154314,25,91598,148,624,567,385,112,966,567,144,79,11,92,17,61,98,48,857,11,23,30,135,876,12,51,238,295,280,71,10,38,210,371,364,19,39,598,260,148,404
458,2020,Madhya Pradesh,23,Agar Malwa,667,489,539730,285380,254350,118550,29,3,8,86,172,191,91,5,136,415,154,319,16,187,22,7,273,0,68,98,323,5,12,109,361,2,105,212,9,7,39,434,56,80,94,10,249,3,428,19,39,48592,33,57249,65,271,267,168,54,479,268,51,30,6,7,6,36,119,40,294,3,18,11,37,423,4,8,58,183,170,24,2,9,62,167,225,19,9,358,74,29,258
459,2020,Madhya Pradesh,23,Raisen,421,1428,1210319,652855,557464,261119,79,10,47,233,484,575,143,27,270,1120,404,833,191,333,84,186,825,12,127,120,1181,16,96,423,861,32,247,449,21,3,140,1264,311,334,255,58,470,1,1168,39,220,112605,43,96665,191,626,880,387,161,1282,581,162,73,14,135,187,67,138,68,1155,14,36,35,77,1280,13,37,208,444,578,48,16,31,170,435,728,22,47,693,328,338,472
460,2020,Madhya Pradesh,23,East Nimar,405,718,1233323,645674,587649,258920,55,7,27,183,248,198,129,24,179,570,208,428,82,309,25,161,223,30,134,101,483,3,21,102,582,10,159,366,6,0,166,546,160,210,156,24,168,1,556,48,113,137814,19,105502,159,464,371,254,93,692,438,163,71,9,22,101,30,74,54,560,11,23,34,105,556,8,28,128,208,184,62,10,19,146,246,235,21,31,360,179,127,227
461,2020,Madhya Pradesh,23,Tikamgarh,434,631,1117632,602401,515231,240798,60,5,15,116,250,185,120,6,114,511,153,403,75,225,5,294,107,13,110,130,391,5,20,214,385,7,95,250,7,16,386,222,24,243,179,22,163,1,566,21,43,105122,11,44931,130,407,461,96,74,580,356,117,45,3,48,20,24,88,39,480,7,20,20,129,462,4,19,118,204,117,51,5,17,108,222,228,16,11,322,177,105,111
462,2020,Madhya Pradesh,23,Rajgarh,422,1675,1497015,789008,708007,338567,65,15,75,388,586,546,203,26,370,1308,494,970,211,324,86,305,960,9,195,128,1352,11,118,429,1096,21,359,487,29,9,133,1504,109,181,202,86,1097,5,1360,66,244,162495,38,112927,146,731,1102,447,126,1526,687,194,85,12,136,506,91,169,109,1306,19,47,51,92,1485,20,71,299,532,563,68,22,72,293,541,679,23,35,975,294,348,574
463,2020,Madhya Pradesh,23,Panna,420,995,1179668,634801,544867,267701,90,7,41,160,335,362,144,24,221,721,233,629,133,324,12,415,244,4,93,99,803,29,135,408,389,34,199,414,5,7,95,888,99,226,268,64,338,11,778,39,167,104554,39,95307,154,452,699,211,85,898,559,121,67,7,88,20,25,131,54,785,13,34,35,85,841,10,38,150,313,330,60,5,28,121,318,463,41,21,471,193,269,254
464,2020,Madhya Pradesh,23,Sidhi,433,1028,1346380,707717,638663,314027,82,14,59,223,341,309,145,34,187,679,138,602,288,299,11,457,261,20,145,118,765,27,92,310,534,65,187,460,12,51,86,879,61,105,184,102,576,2,737,56,233,81825,52,137491,161,548,593,312,123,843,508,212,116,25,164,20,23,74,65,866,16,46,43,139,800,16,53,185,285,261,119,13,51,237,289,319,36,15,141,226,610,296
465,2020,Madhya Pradesh,23,Mandsaur,416,916,1238600,640890,597710,288817,58,5,36,170,329,318,182,41,275,806,264,556,96,443,45,47,381,18,119,140,657,4,12,88,803,9,259,355,36,30,35,815,220,306,132,28,230,6,727,101,82,154581,18,86988,214,506,467,364,85,882,508,154,80,9,30,17,71,210,142,493,16,30,55,108,723,10,51,189,242,231,94,3,45,229,300,245,24,48,584,139,121,411
466,2020,Madhya Pradesh,23,Khargone,414,1219,1938917,1008075,930842,391150,105,21,59,341,410,283,199,43,288,903,309,704,206,549,41,122,507,11,144,138,937,7,34,162,984,32,305,444,8,8,215,988,393,342,172,49,263,7,894,117,201,176334,34,144429,206,667,686,430,103,1069,672,217,100,21,138,11,87,83,88,961,15,51,56,154,958,42,57,253,336,270,94,23,56,257,428,361,38,67,561,274,279,411
467,2020,Madhya Pradesh,23,Betul,394,1407,1467280,756906,710374,331138,80,16,60,284,453,514,197,55,300,1106,475,742,190,584,46,140,637,31,180,171,1056,12,66,329,976,24,307,560,4,10,258,1135,303,402,251,62,389,15,989,113,290,134821,52,127268,208,685,768,501,138,1309,792,259,127,42,90,14,103,200,64,1040,30,66,62,179,1100,13,65,274,338,410,124,14,57,264,384,564,22,38,426,403,518,531
468,2020,Madhya Pradesh,23,Umaria,436,601,610146,316657,293489,145272,50,2,14,100,189,246,120,14,123,432,143,363,95,225,24,217,135,20,73,51,477,15,91,186,290,19,133,253,2,4,67,528,64,118,116,57,246,1,467,29,104,37308,25,51570,77,295,361,176,64,541,336,123,53,8,56,8,20,74,54,453,7,22,18,55,506,2,23,99,160,222,54,6,15,79,164,283,15,4,93,156,333,234
469,2020,Madhya Pradesh,23,Mandla,415,1240,1124625,564672,559953,300554,70,10,31,193,342,594,234,30,243,954,170,940,130,289,35,650,266,17,128,120,992,28,153,516,518,25,172,534,3,7,232,998,116,227,322,109,466,2,1010,38,190,84104,35,140091,142,610,848,279,113,1162,561,199,78,22,75,13,25,146,36,1033,19,46,34,179,981,17,71,237,254,402,101,18,32,218,329,542,22,11,206,457,544,557
470,2020,Madhya Pradesh,23,Hoshangabad,409,911,1004533,536646,467887,225426,77,5,40,181,299,309,177,28,262,742,415,423,73,236,18,325,332,31,142,117,652,14,90,285,497,25,181,321,9,5,111,786,211,249,123,32,296,1,696,73,141,106862,24,66252,169,537,407,419,85,833,474,136,61,10,72,12,59,118,76,658,20,22,20,92,777,8,43,145,294,287,77,6,26,151,292,359,23,31,566,154,137,330
471,2020,Madhya Pradesh,23,Narsinghpur,418,1024,1026671,543870,482801,246212,61,8,37,219,394,305,127,26,206,807,370,541,113,236,29,276,483,15,124,132,768,7,40,228,733,16,215,351,9,13,93,909,341,261,143,55,224,2,795,100,127,107024,30,92939,174,471,661,293,70,920,455,150,73,7,100,16,23,125,59,817,8,14,36,77,897,11,33,190,317,346,78,7,36,188,331,384,15,25,524,253,207,480
472,2020,Madhya Pradesh,23,Balaghat,392,1275,1761175,886004,875171,416689,132,21,67,287,378,390,283,44,457,1007,294,818,163,489,17,277,492,36,148,171,956,32,118,418,666,41,247,560,6,18,212,1039,165,302,237,82,489,3,964,68,240,154338,43,203522,246,836,726,381,168,1180,708,253,121,17,86,25,58,235,66,916,29,32,69,177,997,18,77,282,319,301,126,17,61,256,381,434,21,29,309,554,362,709
473,2020,Madhya Pradesh,23,Dhar,403,1520,2192953,1124050,1068903,488459,125,14,70,326,507,478,187,58,302,1094,310,997,213,555,142,118,705,22,201,222,1097,21,109,342,1030,18,287,660,27,16,239,1238,218,390,241,74,597,10,1122,121,267,196928,60,183974,232,888,809,530,181,1426,732,249,146,42,82,32,96,97,192,1135,36,65,62,230,1163,25,67,235,428,408,135,14,56,308,549,458,47,41,632,447,353,456
474,2020,Madhya Pradesh,23,Ratlam,423,1070,1200176,614238,585938,270217,68,12,58,214,434,284,131,36,191,807,184,714,172,379,82,226,383,17,80,173,817,13,129,265,653,10,188,359,13,13,113,931,121,212,150,50,537,7,832,88,143,123793,25,109118,164,490,648,302,120,996,500,166,69,23,71,16,82,152,87,749,11,15,45,98,912,20,42,224,328,298,72,15,49,214,398,322,17,41,388,258,366,443
475,2020,Madhya Pradesh,23,Sagar,425,1891,2029762,1102501,927261,456218,95,16,72,369,663,676,233,48,378,1455,490,1123,278,614,29,531,717,36,193,206,1492,9,80,544,1199,59,288,784,15,25,198,1653,283,399,477,122,610,7,1529,101,254,163049,61,175689,236,860,1256,388,247,1624,845,270,120,11,260,35,46,168,100,1577,21,50,40,119,1682,17,82,309,635,638,117,16,61,304,603,790,55,54,590,513,679,655
476,2020,Madhya Pradesh,23,Neemuch,419,689,631836,330458,301378,149062,45,4,38,174,242,186,142,22,220,581,201,402,86,287,42,38,322,5,60,113,516,5,3,61,607,13,190,238,17,21,2,649,210,157,90,26,206,4,521,101,63,88422,9,41527,107,298,371,243,75,602,329,96,55,3,85,198,76,131,73,409,5,11,34,73,571,7,48,139,156,221,49,2,31,168,224,215,9,38,427,119,96,288
477,2020,Madhya Pradesh,23,Harda,408,505,495003,259506,235497,109952,37,4,15,87,162,200,55,20,89,375,181,250,74,190,13,44,258,7,51,51,403,22,24,110,337,12,95,215,10,1,83,411,114,90,85,24,192,0,376,13,116,47703,12,30660,70,258,305,147,53,428,256,75,33,4,72,7,10,32,31,432,0,14,14,35,442,7,15,113,137,170,32,4,11,83,152,223,17,22,272,93,101,237
478,2020,Madhya Pradesh,23,Burhanpur,397,265,609379,319149,290230,122634,36,2,19,65,70,73,67,29,76,222,89,134,42,117,8,79,61,16,69,26,170,0,0,18,247,0,115,148,10,5,84,166,119,79,20,7,40,3,191,33,38,64171,34,46708,55,171,103,134,28,252,179,77,36,12,11,5,36,23,38,168,11,10,49,44,162,6,10,45,52,49,34,6,14,65,71,75,13,18,120,67,47,139
479,2020,Madhya Pradesh,23,Ashoknagar,391,824,852709,458685,394024,185454,41,4,28,151,280,320,162,16,265,704,188,550,86,283,29,264,248,25,65,114,645,6,42,359,409,8,123,185,1,11,54,758,94,171,131,36,392,3,722,41,58,74649,36,75997,98,354,538,192,94,768,376,90,37,2,52,5,45,111,67,601,2,27,17,56,724,5,29,152,254,284,38,7,24,124,229,402,24,28,398,217,157,313
480,2020,Madhya Pradesh,23,Datia,401,622,723419,393717,329702,144399,38,3,13,108,247,213,92,12,147,538,222,350,50,154,7,308,153,11,55,73,494,11,74,276,251,10,135,226,6,29,18,569,129,128,72,29,264,6,546,25,45,69907,16,19869,128,347,320,247,55,591,355,115,37,5,28,5,39,108,53,422,5,12,27,53,530,2,16,106,204,202,50,4,17,104,197,250,8,24,423,79,88,251
481,2020,Madhya Pradesh,23,Seoni,428,1601,1430363,727822,702541,349359,92,11,72,333,516,577,228,50,306,1308,477,1009,115,629,85,332,555,32,161,111,1329,8,99,494,992,8,272,453,4,9,221,1367,218,551,355,83,394,9,1273,87,232,150512,35,164083,228,838,1006,418,177,1515,713,226,111,17,81,21,70,260,62,1209,23,44,59,157,1341,14,80,336,440,471,105,10,67,334,479,606,15,24,476,692,394,837
482,2020,Madhya Pradesh,23,Alirajpur,639,539,978238,497487,480751,159102,35,5,21,84,192,202,57,10,107,396,48,351,140,193,85,84,177,13,134,61,344,28,124,231,146,10,108,282,2,8,78,451,51,66,72,42,308,3,399,18,119,39983,33,66538,75,367,274,206,59,510,318,86,40,18,19,12,17,32,20,470,6,27,26,85,401,3,15,85,157,141,56,6,24,91,168,194,6,8,69,180,276,123
483,2020,Madhya Pradesh,23,Morena,417,813,1923648,1065014,858634,364318,78,5,35,146,262,287,139,29,209,628,183,463,167,334,10,181,288,27,98,76,639,22,62,307,392,30,135,319,19,35,27,732,58,101,97,32,525,3,610,39,161,161985,25,38419,170,492,542,187,84,739,427,155,71,17,68,19,29,96,47,641,19,21,41,57,694,7,33,92,251,311,64,7,23,115,229,375,14,25,420,151,203,188
484,2020,Madhya Pradesh,23,Shajapur,430,601,930385,495441,434944,192556,56,4,18,152,247,124,130,20,178,503,223,332,46,189,16,65,331,19,63,117,421,2,8,76,510,5,128,286,7,1,80,513,60,113,73,20,335,7,489,48,57,98220,19,61503,113,379,336,208,57,556,397,109,63,9,39,11,32,42,23,504,5,11,17,44,529,3,19,117,220,170,41,5,10,116,217,212,17,19,403,101,61,248
586,2020,Arunachal Pradesh,12,West Kameng,242,293,79916,40928,38988,16641,10,1,7,7,32,236,8,12,68,148,8,134,151,18,126,0,149,1,2,2,289,3,71,63,141,15,13,72,12,5,9,267,21,210,48,9,5,0,136,34,123,11008,4,3713,15,10,193,3,97,112,56,11,10,0,149,0,2,18,6,267,0,13,6,14,260,5,12,21,30,192,9,2,8,9,24,241,0,3,156,67,67,0
485,2020,Madhya Pradesh,23,Dindori,404,906,796441,403418,393023,219108,48,4,25,124,276,429,153,17,173,656,83,693,130,251,50,423,182,5,90,103,713,53,223,367,259,4,112,356,3,14,144,745,37,104,153,62,550,0,678,25,203,58394,33,97379,108,468,634,181,91,834,423,126,65,17,69,8,22,104,29,751,8,36,34,112,724,9,24,173,232,286,40,5,23,134,285,419,5,5,105,265,526,410
486,2020,Madhya Pradesh,23,Indore,410,605,1008345,525990,482355,198391,75,9,31,160,220,110,100,53,174,534,232,310,63,210,37,6,352,22,122,67,416,2,9,31,556,7,224,187,8,7,69,521,102,130,103,35,235,5,465,54,81,134088,22,28977,101,366,263,295,47,566,350,104,56,18,36,10,73,63,39,430,10,20,27,66,492,5,29,121,184,153,65,6,30,150,191,163,26,26,324,151,78,259
487,2020,Madhya Pradesh,23,Vidisha,437,1569,1326324,717468,608856,280198,97,5,46,303,550,568,165,42,318,1356,597,886,86,588,43,222,716,25,142,108,1319,20,113,498,914,24,295,499,6,13,167,1383,397,354,245,79,494,5,1332,80,152,135503,29,112343,166,724,981,450,138,1417,713,194,76,14,146,220,77,161,69,1262,18,42,49,80,1398,9,39,221,494,635,59,10,27,183,469,821,36,64,1034,230,205,742
488,2020,Madhya Pradesh,23,Sheopur,431,572,748779,402565,346214,174356,65,12,20,79,142,254,82,16,137,412,113,351,108,240,29,47,256,19,66,53,453,15,66,189,277,25,110,257,5,21,28,518,116,75,66,30,285,2,456,12,102,74227,24,64853,80,279,356,139,77,515,255,76,39,14,56,17,27,78,35,432,7,15,27,46,484,15,29,90,137,213,47,13,22,69,137,284,5,12,235,171,149,214
587,2020,Arunachal Pradesh,12,Pakke Kessang,723,80,14213,6679,7534,2993,3,1,2,5,2,67,10,3,17,44,1,15,64,16,7,1,56,0,0,0,80,21,18,6,5,30,5,24,1,1,4,74,10,20,27,2,21,0,40,0,40,1601,33,1697,3,7,79,1,0,47,10,3,5,0,27,1,0,1,1,78,0,1,7,8,64,1,10,16,11,26,3,1,3,5,4,64,5,0,3,30,42,0
489,2020,Madhya Pradesh,23,Chhatarpur,398,1141,2000896,1087422,913474,414788,146,7,28,209,377,374,223,25,291,875,264,740,137,274,6,508,353,20,182,127,832,12,82,386,629,32,191,470,9,3,243,886,99,180,223,69,570,7,897,49,188,149636,27,106245,208,659,760,260,121,1040,654,173,82,7,94,20,32,116,69,924,8,32,38,108,963,6,32,163,364,398,109,8,11,169,353,491,15,25,528,275,298,337
490,2020,Madhya Pradesh,23,Ujjain,435,1101,1406697,732975,673722,297875,69,9,27,263,443,290,189,49,283,942,443,575,83,361,91,61,588,36,110,195,796,7,14,125,946,9,262,421,24,14,92,971,123,205,136,56,581,5,870,99,127,155908,34,101457,177,687,673,337,91,1056,645,161,84,20,35,46,79,128,77,817,10,22,28,94,957,9,27,184,392,345,81,8,28,204,421,359,27,50,720,161,143,446
491,2020,Madhya Pradesh,23,Anuppur,390,573,695229,359247,335982,198822,58,0,20,101,212,182,82,19,103,418,92,384,97,209,20,171,173,19,94,103,376,23,67,167,285,31,93,336,4,3,125,441,21,80,104,52,316,0,425,19,129,56560,25,80998,112,368,334,181,58,540,331,119,78,10,29,25,24,43,29,477,9,18,44,100,411,7,19,109,147,129,66,3,19,86,197,202,10,7,40,123,393,186
492,2020,Madhya Pradesh,23,Gwalior,407,561,801889,436611,365278,157027,62,5,22,143,188,141,79,21,117,445,204,284,73,218,7,98,238,15,99,55,407,13,37,177,323,11,148,230,18,23,24,496,72,87,82,30,290,2,435,34,90,76270,22,26817,110,288,271,214,76,518,342,88,38,9,37,15,43,118,73,327,3,10,25,61,465,12,19,104,167,163,64,7,19,107,175,189,7,20,352,84,98,172
509,2020,Tripura,16,Gomati,654,236,482829,241301,241528,116714,45,12,29,71,60,19,57,24,102,165,15,159,62,33,15,161,27,6,35,73,128,14,36,94,91,1,56,161,6,79,61,90,7,122,80,12,15,0,202,15,19,58653,18,45998,106,178,28,173,35,184,147,103,54,8,26,7,7,72,20,137,11,8,33,145,50,11,19,14,6,0,96,11,24,45,44,16,4,8,71,105,48,58
493,2020,Madhya Pradesh,23,Singrauli,638,742,1194620,629065,565555,269880,80,11,36,108,194,313,149,37,172,506,97,453,192,251,20,281,190,26,162,96,484,24,71,273,350,24,141,389,1,41,128,572,17,86,101,52,486,3,549,42,148,83948,56,134311,99,431,485,186,71,666,409,133,66,16,71,28,23,112,47,560,19,39,63,75,565,10,31,96,179,249,52,13,28,79,170,400,25,18,60,154,485,312
494,2020,Madhya Pradesh,23,Damoh,400,1194,1329408,708517,620891,342224,131,11,53,225,420,354,269,36,318,907,310,714,170,466,24,450,254,23,184,144,866,10,78,349,705,52,258,414,5,15,147,1027,191,298,264,80,361,3,933,74,184,125165,72,127505,181,594,727,363,104,1041,546,149,84,18,147,11,65,135,95,899,14,34,57,129,974,11,50,194,396,323,105,11,39,183,408,448,41,22,424,368,339,502
495,2020,Madhya Pradesh,23,Chhindwara,399,1958,1895993,975177,920816,411874,113,6,68,342,592,837,342,69,440,1489,512,1141,305,511,131,464,852,66,232,173,1553,17,112,490,1310,29,376,640,6,15,369,1568,342,591,384,122,519,8,1464,147,339,154464,57,183645,283,1004,1251,518,189,1761,927,335,181,36,182,38,76,203,120,1559,37,38,81,184,1655,13,81,356,515,690,124,11,57,312,589,865,25,43,610,623,657,751
496,2020,Madhya Pradesh,23,Barwani,393,700,1457045,747916,709129,294381,57,3,19,156,216,249,112,20,134,463,69,423,208,262,60,124,254,7,161,67,472,12,78,190,411,9,173,334,9,1,125,565,93,141,110,74,282,2,485,40,173,118517,37,132064,100,459,320,295,85,670,522,120,57,22,24,17,39,71,21,569,11,30,55,147,468,8,33,100,156,171,49,3,17,119,244,268,22,34,151,182,311,262
599,2020,Arunachal Pradesh,12,Lower Siang,719,114,28985,14528,14457,4451,6,5,3,7,8,85,1,1,14,51,1,29,84,17,2,35,60,0,0,0,114,5,20,51,15,23,3,60,0,5,7,102,7,74,22,3,8,0,67,1,46,2265,2,2944,8,10,72,8,34,60,23,8,7,0,45,1,0,11,1,102,0,7,7,5,95,8,4,10,14,59,7,1,5,7,9,85,1,0,13,16,84,1
497,2020,Madhya Pradesh,23,Shivpuri,432,1285,1697616,931483,766133,362644,114,11,44,202,378,536,161,28,265,1033,228,796,261,363,29,433,460,21,161,108,1016,49,149,453,599,35,234,593,22,24,50,1189,102,222,170,47,744,8,1002,80,195,153498,42,111513,187,650,987,206,92,1193,683,208,98,17,86,48,79,175,133,898,22,31,34,83,1137,7,19,159,396,556,86,9,32,139,363,656,28,37,504,332,384,432
498,2020,Madhya Pradesh,23,Jhabua,412,793,1471036,746335,724701,319980,42,11,37,208,283,212,71,17,134,560,79,541,173,306,66,149,272,21,183,107,503,20,90,390,284,9,161,345,3,14,162,614,37,96,119,48,493,1,617,26,149,70466,20,136570,101,478,400,319,74,757,384,107,55,16,29,27,57,70,43,623,11,31,56,146,560,13,54,159,168,166,92,15,52,218,225,191,20,14,91,280,388,319
499,2020,Madhya Pradesh,23,Shahdol,429,811,1010004,525258,484746,284523,111,5,26,118,232,319,145,28,195,584,97,565,149,232,7,330,242,14,129,91,591,29,93,258,410,21,171,397,8,21,106,676,37,99,132,73,470,5,595,38,173,70102,36,103477,139,477,430,281,100,755,436,148,80,10,51,21,35,131,73,572,14,24,47,132,608,6,25,126,189,262,87,9,22,144,187,362,24,19,159,203,406,368
500,2020,Madhya Pradesh,23,Satna,426,1796,2255455,1196239,1059216,535303,139,26,88,417,649,477,209,28,326,1320,434,1016,346,604,22,814,356,46,193,162,1441,24,90,557,1084,41,322,754,23,93,125,1555,144,247,284,137,984,7,1383,131,275,184734,47,179634,329,931,1196,407,193,1458,819,285,167,17,321,25,40,178,119,1459,13,50,69,170,1507,27,75,301,521,583,103,15,73,305,579,721,38,52,644,438,624,378
605,2020,Arunachal Pradesh,12,Longding,666,77,81710,40934,40776,10401,3,0,1,7,3,63,2,1,4,40,2,25,50,0,1,2,74,0,0,0,77,23,26,22,2,4,5,54,0,0,2,75,3,11,31,2,30,0,51,0,26,1161,1,6814,6,7,51,11,15,64,17,3,5,0,8,0,1,10,1,65,0,2,9,4,62,0,4,11,3,44,1,0,0,3,2,71,0,0,1,35,41,1
501,2020,Madhya Pradesh,23,Guna,406,1261,1101366,583715,517651,256751,70,6,44,226,400,515,157,27,239,895,308,755,198,377,24,314,546,26,98,111,1052,24,99,468,647,23,162,389,15,15,112,1119,139,210,260,64,588,5,944,73,239,91983,17,97656,107,458,885,276,100,1128,541,122,46,14,122,10,58,175,147,881,14,39,24,77,1121,12,50,205,399,455,60,15,41,148,385,612,25,35,473,384,344,457
502,2020,Tripura,16,South Tripura,271,269,445882,224888,220994,108390,47,15,30,90,68,19,43,16,64,186,5,195,69,56,18,172,23,16,27,37,205,9,32,137,80,11,76,199,1,48,131,89,3,120,115,5,26,0,223,12,34,60215,15,40067,108,209,34,196,39,216,149,133,74,4,37,7,2,89,8,170,13,14,41,155,59,5,22,18,9,5,77,15,23,62,50,42,6,7,65,141,50,41
503,2020,Tripura,16,Unakoti,655,141,302571,151731,150840,69073,14,3,30,45,41,8,34,6,76,127,5,104,32,1,2,132,6,3,14,45,82,2,5,50,83,1,64,100,2,32,46,61,5,47,47,11,31,1,100,33,7,33285,1,30743,80,103,24,95,22,108,69,69,26,1,20,2,1,80,3,57,3,1,24,73,43,9,14,14,6,0,39,5,16,41,25,15,0,1,24,94,22,15
504,2020,Tripura,16,Sepahijala,653,223,526079,266030,260049,121008,42,11,24,94,43,9,84,18,134,203,9,173,41,57,4,149,13,5,18,63,142,5,19,72,123,4,48,186,9,69,78,67,1,100,105,8,9,0,196,18,9,67226,17,43901,115,190,13,179,31,201,156,138,71,2,12,46,5,147,10,61,8,7,28,155,33,4,13,9,4,3,96,6,28,62,20,11,1,7,61,136,18,44
505,2020,Tripura,16,West Tripura,272,197,585049,292105,292944,139709,53,10,34,56,36,8,74,34,119,178,4,155,38,37,18,127,15,8,20,57,120,2,8,35,151,1,63,163,5,87,48,57,6,120,58,5,8,0,175,12,10,85232,10,49763,98,166,10,170,17,189,119,89,45,7,6,9,3,114,5,75,11,3,32,131,31,9,7,11,2,2,95,11,26,39,18,8,2,9,63,101,22,55
523,2020,Assam,18,Jorhat,290,601,1028846,543364,485482,231913,59,9,42,241,172,78,78,53,233,261,64,181,356,15,20,286,280,15,40,81,480,30,156,295,96,24,156,373,9,38,176,378,56,83,161,10,291,1,480,29,91,122756,39,62702,168,177,432,92,77,487,203,133,42,13,101,68,41,103,46,411,22,38,44,97,422,15,51,228,100,28,54,8,33,168,208,130,20,5,23,362,191,96
524,2020,Assam,18,Majuli,706,233,205226,107119,98107,41715,14,1,9,30,71,108,19,13,54,96,34,45,154,20,38,29,146,3,25,22,186,8,28,83,51,63,19,72,10,20,21,182,8,7,18,12,188,1,136,1,95,26322,16,22925,45,34,191,13,29,174,94,71,29,12,57,9,15,28,5,185,14,1,16,33,183,3,14,39,51,76,19,0,6,39,51,118,4,7,14,43,165,18
525,2020,Assam,18,Baksa,616,686,1103375,568553,534822,230954,35,11,47,205,239,149,63,34,280,389,47,240,399,178,16,268,224,7,9,52,625,94,239,289,54,10,167,326,10,60,148,468,8,47,56,19,556,2,539,15,130,146982,93,118604,155,45,645,23,18,628,286,172,45,17,48,25,16,210,33,427,29,14,54,139,479,28,76,200,122,53,48,7,45,187,223,176,8,7,26,120,525,78
526,2020,Assam,18,Lakhimpur,295,1180,1158079,593517,564562,251918,98,43,80,378,314,267,146,73,252,460,126,354,700,88,92,610,390,49,77,47,1056,73,430,445,149,83,107,418,11,82,185,902,51,50,95,19,965,3,848,29,300,118592,50,88462,200,207,977,46,157,928,456,270,89,29,207,45,32,106,104,938,60,22,53,160,945,57,113,363,244,168,64,28,57,302,341,388,16,24,54,109,977,97
527,2020,Assam,18,Karimganj,293,576,902291,475611,426680,196832,52,30,72,164,194,64,53,43,140,257,30,119,427,38,15,427,96,51,18,53,505,71,203,218,61,23,103,224,9,59,206,302,15,32,100,23,406,4,425,53,94,64143,65,41381,113,133,500,23,53,446,141,86,45,26,117,29,4,40,73,459,38,19,77,95,385,26,59,130,130,40,41,27,32,136,191,149,16,4,13,190,353,67
528,2020,Assam,18,Nalbari,298,465,873194,451819,421375,181582,54,19,60,201,102,29,84,42,143,239,62,180,223,73,5,274,113,11,47,80,338,27,77,262,83,16,135,260,11,97,104,253,18,117,78,15,237,4,392,42,27,116774,72,49420,125,112,352,48,65,421,165,137,45,19,37,63,29,109,65,262,38,18,85,89,273,22,53,151,37,10,66,12,79,170,92,46,15,9,20,79,342,88
529,2020,Assam,18,South Salmara Mancachar,707,185,679441,357902,321539,134795,12,1,7,17,66,82,20,7,23,44,1,48,136,15,1,77,92,0,5,38,142,70,56,19,2,38,24,76,3,43,47,92,2,4,2,2,175,1,144,1,39,44787,19,60791,21,47,149,6,30,147,78,34,18,7,35,1,2,6,5,172,2,2,16,48,119,0,9,24,46,40,5,1,6,20,62,91,1,0,2,22,160,10
530,2020,Assam,18,Marigaon,296,635,1211885,622904,588981,252446,64,19,62,162,208,120,86,41,146,294,56,233,346,56,10,282,287,11,26,92,517,94,218,219,34,70,105,268,7,103,90,435,13,52,87,25,458,2,440,17,176,117824,101,96576,111,133,546,44,45,520,224,128,46,13,108,72,35,70,29,501,23,19,43,94,479,26,78,170,133,72,53,23,57,157,197,148,5,7,21,62,540,69
531,2020,Assam,18,Udalguri,617,776,870132,439801,430331,191607,43,30,48,167,364,124,68,24,95,318,72,140,564,74,30,272,400,9,16,48,712,58,306,322,57,33,213,303,5,59,216,496,27,31,79,26,613,1,617,7,151,112263,71,80990,97,78,716,14,46,672,202,123,27,12,96,20,39,149,69,519,21,8,55,158,555,32,66,166,204,87,41,24,42,159,306,204,5,2,19,278,472,94
532,2020,Assam,18,Goalpara,287,838,1185497,611981,573516,230449,28,11,50,215,298,236,88,15,357,403,33,187,618,79,17,465,277,14,21,88,729,17,171,324,177,149,130,352,12,142,131,553,11,86,99,32,610,2,705,10,121,117750,125,116212,110,184,600,157,81,655,270,120,53,17,171,24,17,220,26,575,14,11,45,122,660,25,103,281,128,123,42,20,47,199,251,279,25,12,40,229,532,66
533,2020,Assam,18,Golaghat,288,1036,1123702,572214,551488,262580,47,28,74,342,353,192,131,30,364,427,66,239,731,104,128,366,438,13,19,110,907,159,381,390,97,9,135,543,24,72,206,734,82,117,172,27,638,1,870,14,151,140386,61,125519,114,134,1004,17,15,711,244,145,31,13,306,44,36,138,51,811,5,17,51,144,824,36,87,343,250,108,21,18,28,218,341,410,9,12,17,234,764,47
534,2020,Assam,18,Biswanath,705,960,968678,506817,461861,186148,56,19,71,288,373,153,72,58,166,351,40,182,738,51,198,339,372,34,41,84,835,31,273,440,160,56,164,367,7,95,267,591,25,125,240,48,522,0,721,25,214,87762,65,69260,144,150,817,54,89,669,169,101,36,15,274,46,34,159,62,705,26,16,56,186,702,39,103,237,229,94,65,20,50,215,324,286,17,2,37,413,491,83
535,2020,Assam,18,Hojai,709,400,952870,494551,458319,192891,44,6,27,125,127,71,55,26,157,192,42,122,236,37,10,270,83,14,16,46,338,58,161,128,48,5,91,163,4,63,53,280,7,29,82,20,262,2,334,20,44,87170,23,84175,63,101,338,31,31,344,144,75,22,16,50,10,13,51,18,318,15,10,46,58,286,14,24,119,79,50,28,5,12,107,130,118,9,12,26,62,291,33
536,2020,Assam,18,Sonitpur,301,818,1185919,599394,586525,263702,72,24,85,294,228,115,129,70,243,347,73,198,547,44,48,473,253,29,42,70,706,25,191,450,110,42,223,451,12,99,192,515,17,88,168,41,504,1,648,48,121,131792,133,73293,149,201,625,113,80,634,166,105,41,25,157,73,40,225,58,495,42,23,72,162,561,36,110,256,109,50,77,15,77,266,229,154,13,16,47,299,443,148
541,2020,Assam,18,Kamrup Metro,618,215,266564,137176,129388,65372,21,8,16,69,75,26,14,22,69,87,13,80,122,30,4,150,31,22,5,13,197,20,34,107,42,12,31,87,2,40,60,113,15,28,67,15,90,0,143,23,49,41271,15,16075,41,41,180,19,16,168,76,66,32,17,42,22,18,53,22,122,24,4,25,48,138,5,15,47,54,17,21,2,12,48,91,41,4,8,16,86,101,24
537,2020,Assam,18,Tinsukia,302,1156,1413111,718071,695040,293003,64,20,84,291,379,318,106,64,270,549,77,309,770,75,54,712,315,31,51,58,1047,104,337,488,173,54,214,562,5,65,278,808,31,32,77,39,977,2,1024,19,111,131611,39,111147,149,233,957,41,158,803,234,104,23,11,328,27,57,352,91,656,39,18,63,205,870,30,118,316,265,141,39,13,37,233,386,448,18,15,76,686,361,101
538,2020,Assam,18,Dibrugarh,286,1351,1235086,625846,609240,272013,78,36,99,465,454,219,112,78,386,631,108,555,688,100,139,583,529,34,26,52,1273,10,373,711,224,33,135,829,14,51,285,1001,26,68,144,24,1089,2,1220,26,103,143765,44,99373,206,151,1119,114,118,980,277,145,33,24,332,31,39,418,48,846,26,31,91,299,930,59,139,449,220,63,45,16,51,266,510,463,10,12,73,887,369,155
539,2020,Assam,18,Karbi Anglong,292,2073,588802,298643,290159,115822,177,31,96,338,525,906,113,78,569,549,93,560,1420,145,75,1274,579,42,3,76,1994,409,543,627,193,301,239,177,18,164,854,1037,14,89,114,175,1681,1,1678,52,342,37832,111,59025,213,54,1960,6,107,754,292,230,163,54,1205,15,41,283,128,1621,28,19,242,248,1564,21,61,260,472,750,166,22,70,239,456,1120,11,9,47,629,1377,44
540,2020,Assam,18,Kamrup,291,1093,1820938,963748,857190,395925,113,22,97,239,312,310,107,82,264,524,156,375,562,118,46,608,321,34,31,102,960,42,150,532,262,107,168,486,40,171,243,639,51,167,261,42,572,5,823,30,235,210560,71,102610,201,255,940,54,99,871,328,252,94,47,210,158,35,326,51,681,27,40,91,213,749,26,113,215,206,189,83,24,68,197,300,421,32,17,56,256,732,114
542,2020,Assam,18,Sivasagar,300,546,738273,381570,356703,166303,44,11,54,194,191,52,77,31,152,275,11,241,294,42,35,242,227,13,6,46,494,7,123,263,144,9,84,373,4,41,116,385,10,130,98,14,294,0,452,32,62,94377,18,47915,168,106,462,47,37,496,192,119,39,18,42,42,36,87,39,384,10,11,53,130,352,17,63,153,102,17,39,5,31,160,211,100,20,7,21,308,190,46
543,2020,Assam,18,Dima Hasao,299,687,168773,85009,83764,32684,9,10,26,64,162,416,7,0,122,129,13,72,602,68,8,223,388,19,0,3,684,65,133,183,106,200,80,17,1,23,203,460,10,34,62,14,567,0,518,19,150,12420,65,18986,26,1,658,2,27,535,108,43,1,1,147,0,9,99,13,566,9,1,19,25,642,12,35,94,193,308,11,6,24,55,140,451,0,3,4,30,650,14
544,2020,Assam,18,Barpeta,280,852,2039817,1063302,976515,422551,78,22,78,275,247,152,135,45,408,319,96,215,541,61,30,407,354,9,22,121,709,85,290,266,96,115,200,387,21,159,196,476,17,70,45,14,706,0,650,58,144,190433,172,156796,159,208,704,54,94,729,358,242,74,23,111,55,21,105,42,684,18,19,76,226,531,30,101,198,142,60,76,23,66,210,261,216,13,7,9,56,767,130
545,2020,Assam,18,Hailakandi,289,359,751378,392339,359039,161383,34,10,52,117,96,50,57,18,65,170,15,122,222,8,5,261,85,24,46,80,233,18,78,94,135,34,79,183,3,28,97,231,13,9,57,24,256,2,289,28,40,47158,26,53801,100,92,229,33,97,313,168,47,21,5,41,7,3,16,19,321,11,8,38,108,205,11,55,78,39,22,90,10,26,51,94,88,14,2,15,109,219,20
546,2020,Assam,18,West Karbi Anglong,710,658,328407,165495,162912,58589,80,11,17,61,95,394,26,43,20,206,37,176,445,94,17,138,409,7,2,8,648,50,138,152,37,281,28,87,14,23,258,363,2,16,26,2,612,8,452,24,174,11884,39,38860,69,15,531,5,122,416,155,88,50,21,224,8,10,231,53,364,12,11,63,78,506,12,15,52,86,341,35,9,12,38,83,481,5,1,9,94,549,22
547,2020,Assam,18,Dhubri,285,905,1793095,945337,847758,371849,26,20,61,263,339,196,77,11,167,226,52,163,690,23,26,402,454,5,43,118,744,119,215,294,120,157,88,250,33,115,132,625,13,70,50,18,754,2,682,28,193,118638,107,135382,103,207,777,29,99,715,298,123,40,15,163,5,11,26,41,827,10,9,40,128,728,24,84,248,243,129,29,12,44,195,347,278,8,3,8,47,839,60
548,2020,Assam,18,Dhemaji,284,2243,928281,479069,449212,191780,51,85,178,467,624,838,185,31,554,894,191,353,1699,112,132,1261,738,50,22,126,2095,140,870,915,82,236,211,716,109,129,275,1730,26,63,82,30,2042,3,1723,43,474,91485,140,95891,86,152,1886,109,248,1312,400,224,57,29,874,16,47,193,89,1914,131,80,113,146,1904,120,241,565,446,532,96,63,111,390,561,1022,37,11,58,338,1799,161
549,2020,Assam,18,Chirang,612,511,525197,268135,257062,116555,7,7,23,92,199,183,24,6,233,253,15,35,461,20,2,293,196,1,3,11,497,36,175,222,63,15,76,285,15,71,53,372,3,6,18,4,480,1,434,11,65,52057,21,46406,38,42,483,1,27,405,89,36,10,7,102,7,7,161,31,312,5,8,30,51,422,14,77,153,109,69,10,7,34,128,171,161,4,2,3,55,447,36
550,2020,Assam,18,Kokrajhar,294,1077,933752,474821,458931,206031,69,27,85,320,340,236,63,21,170,555,58,269,750,34,22,674,347,22,12,45,1020,176,504,290,49,58,153,443,69,160,211,637,26,36,63,48,904,2,838,37,200,95081,71,86813,135,79,873,30,174,915,294,143,40,32,149,20,13,251,36,777,52,33,65,222,757,47,123,304,201,82,84,21,79,265,312,316,13,13,33,173,845,124
561,2020,Meghalaya,17,East Jaintia Hills,657,167,184566,89763,94803,30393,16,4,10,12,35,90,17,8,67,70,17,36,114,12,36,24,95,3,6,25,136,6,26,31,63,41,37,80,1,8,24,134,3,14,28,13,109,1,125,6,35,12074,35,12721,25,28,135,10,22,161,79,26,16,7,4,1,5,85,5,72,3,5,10,36,116,6,13,20,27,50,13,1,6,7,34,106,9,10,16,31,101,6
551,2020,Assam,18,Cachar,282,1192,1887220,977768,909452,390678,92,27,73,344,296,360,138,92,473,504,71,257,864,72,48,726,346,30,21,94,1077,71,244,394,231,252,115,579,10,114,376,692,21,200,292,63,616,4,820,106,262,157573,90,120390,234,233,931,137,124,817,304,143,70,33,355,26,18,154,50,970,40,23,126,192,851,27,84,251,221,268,72,23,65,181,323,528,34,6,71,466,615,66
552,2020,Assam,18,Nagaon,297,982,2159926,1122162,1037764,440333,90,26,118,319,285,144,220,64,465,462,103,308,571,65,10,697,210,24,27,137,818,62,271,469,145,35,238,471,29,184,150,619,26,89,165,20,682,4,855,47,76,250461,67,154555,202,207,847,78,57,785,285,170,57,14,178,135,36,191,38,717,6,24,95,172,691,41,116,283,143,108,53,15,61,262,303,288,18,17,24,108,815,173
553,2020,Assam,18,Darrang,283,523,1010047,517189,492858,210496,35,7,43,166,186,86,68,30,175,204,28,137,358,24,48,271,180,5,15,51,457,23,140,232,88,40,91,255,8,57,89,369,20,59,95,10,339,3,429,21,70,126126,54,77720,69,95,468,20,35,455,129,95,31,10,61,17,11,70,17,425,20,10,48,126,339,9,57,153,74,46,20,3,31,147,181,141,20,1,19,103,380,76
554,2020,Assam,18,Bongaigaon,281,537,731432,377254,354178,149216,22,16,28,162,191,118,78,22,135,238,18,205,314,24,4,301,208,9,11,55,471,99,126,227,53,32,67,348,12,122,68,335,10,31,72,11,413,2,449,20,66,70138,43,48872,65,93,436,59,42,440,158,75,24,12,88,15,7,122,21,387,3,11,27,67,432,25,68,176,131,32,22,20,33,160,172,130,11,8,20,65,433,62
555,2020,Assam,18,Charaideo,708,324,448389,232100,216289,105996,16,6,28,117,120,37,32,10,94,103,19,118,187,59,25,87,153,16,16,21,287,17,102,145,54,6,56,153,12,24,90,198,10,34,43,6,231,0,261,20,43,43983,35,46645,67,78,274,18,32,292,90,42,15,8,31,12,24,85,22,193,2,6,31,65,222,16,53,84,47,22,17,4,24,98,110,71,2,2,12,125,183,33
556,2020,Meghalaya,17,West Garo Hills,278,923,448501,223540,224961,101776,50,10,44,95,191,533,75,40,255,273,25,282,616,122,64,372,365,9,3,38,882,44,179,285,302,113,248,254,5,39,246,633,19,31,128,29,716,3,648,54,218,26007,55,59323,93,48,623,25,275,795,324,111,40,24,113,11,24,262,19,618,14,20,62,74,767,16,51,191,206,303,52,10,29,94,191,547,14,6,17,209,677,25
557,2020,Meghalaya,17,Ri Bhoi,276,579,319511,159559,159952,58811,37,19,27,67,126,303,38,20,156,262,18,220,341,54,118,168,239,1,7,41,531,82,107,134,173,83,125,219,3,21,157,398,12,93,208,44,222,0,407,11,161,13080,62,26069,58,129,394,83,102,469,214,88,38,13,96,1,5,246,7,321,9,14,53,54,458,16,43,113,138,148,51,18,20,68,122,300,7,9,54,168,341,15
558,2020,Meghalaya,17,South West Khasi Hills,658,302,139485,69158,70327,23550,17,2,9,16,60,198,15,5,62,126,15,93,194,47,71,22,162,1,5,10,287,19,43,100,91,49,38,150,2,7,155,138,8,21,93,20,160,0,164,2,136,2670,13,10609,54,59,228,10,64,257,137,45,22,9,39,3,6,96,13,187,2,6,13,32,251,5,20,36,74,116,19,1,14,26,50,192,9,1,12,48,232,7
559,2020,Meghalaya,17,North Garo Hills,656,561,201153,99233,101920,38862,14,7,18,89,168,265,75,7,172,259,18,160,383,65,60,199,237,1,3,22,536,2,34,127,361,37,137,284,10,13,142,396,2,8,102,38,411,1,399,0,161,6138,9,26807,28,205,477,37,47,454,160,38,9,2,102,1,1,274,4,282,9,2,33,48,478,32,72,147,133,94,12,8,25,63,114,339,0,0,23,383,155,2
560,2020,Meghalaya,17,East Khasi Hills,274,881,687552,335923,351629,133520,51,44,59,169,198,360,53,28,280,454,50,313,518,177,289,128,287,1,11,82,788,28,79,201,502,71,103,483,5,28,163,685,54,230,311,32,254,5,701,45,130,30835,97,38019,104,330,515,189,177,764,403,178,58,17,107,2,5,396,10,470,19,20,49,101,711,48,79,194,186,204,47,25,37,133,196,443,17,18,238,266,342,22
562,2020,Meghalaya,17,South Garo Hills,277,600,154837,77682,77155,30903,14,2,9,45,94,436,13,4,90,152,22,66,512,105,42,69,384,4,1,29,570,58,114,107,205,116,129,144,32,9,116,443,6,22,90,19,463,0,295,4,301,4433,28,19922,51,94,331,75,194,459,196,34,18,9,137,1,1,165,6,428,15,10,27,37,526,12,20,91,140,263,29,3,8,43,84,433,3,3,16,83,495,6
563,2020,Meghalaya,17,West Khasi Hills,279,766,354145,174631,179514,58844,13,7,14,43,101,588,14,3,140,228,6,103,657,31,220,57,458,1,4,16,746,18,65,194,318,171,37,281,0,1,137,628,8,54,142,32,530,2,511,11,242,4404,57,21364,37,156,369,87,310,606,250,64,23,9,154,1,0,357,4,405,5,8,26,44,688,17,32,94,126,419,10,4,7,36,78,631,7,4,16,135,604,15
564,2020,Meghalaya,17,East Garo Hills,273,486,172077,85326,86751,31745,4,9,13,48,79,333,22,1,123,208,5,130,351,29,84,112,261,0,2,18,466,16,78,110,249,33,51,275,1,5,83,397,7,15,89,26,349,1,305,9,171,4894,43,21182,16,100,425,21,40,408,139,18,3,0,75,1,1,203,1,281,1,1,14,35,436,22,39,103,98,174,7,11,17,51,83,317,1,0,10,79,396,13
565,2020,Meghalaya,17,West Jaintia Hills,275,279,352401,170727,181674,55424,22,5,12,26,64,150,21,13,141,192,19,143,117,8,149,49,73,2,6,24,249,12,23,35,181,28,40,150,0,3,57,219,8,50,59,10,152,0,224,11,44,19447,28,21600,64,80,244,15,20,263,161,63,31,10,15,5,4,160,10,105,5,11,24,54,190,7,26,35,58,64,31,4,7,22,67,148,15,15,71,54,124,13
566,2020,Meghalaya,17,South West Garo Hills,663,453,188154,93846,94308,39552,16,19,25,118,173,102,19,9,143,262,49,162,242,71,31,269,82,0,2,7,444,9,56,147,204,37,190,161,0,17,215,221,14,56,45,21,317,1,407,7,38,12834,25,22498,34,26,376,9,68,404,154,57,28,4,47,3,8,128,8,309,5,6,38,52,357,21,40,125,130,41,20,12,34,106,150,131,1,1,12,99,340,9
567,2020,Andhra Pradesh,28,Kurnool,511,1088,3207352,1630184,1577168,806108,182,9,43,235,377,242,441,111,490,882,117,818,153,521,4,486,77,49,224,220,644,4,22,186,859,17,241,1018,7,21,168,892,267,612,158,13,38,8,639,330,111,593083,38,197686,566,819,385,560,143,1034,442,388,145,37,41,71,12,87,22,967,26,27,156,296,609,6,48,191,223,141,381,14,58,176,247,212,16,63,605,246,158,203
568,2020,Andhra Pradesh,28,Visakhapatanam,520,3398,2587072,1294819,1292253,737525,198,23,132,462,709,1874,286,141,694,1713,464,1421,1513,476,73,1901,948,27,341,256,2801,97,433,1013,1680,175,444,1543,60,77,763,2498,579,1035,953,182,649,7,1155,388,1848,472459,130,118224,713,1067,2219,750,429,2207,540,349,155,38,1154,96,18,308,65,3007,71,60,313,496,2529,52,223,645,721,888,377,37,136,425,646,1777,53,114,829,693,1709,369
569,2020,Andhra Pradesh,28,Prakasam,517,1367,3149305,1607695,1541610,868660,226,13,58,325,438,307,365,185,687,1052,254,817,296,747,3,457,160,44,291,224,852,15,32,213,1037,70,279,1146,35,102,66,1164,348,527,256,32,204,13,744,438,172,621450,58,139908,787,934,496,718,153,1191,487,393,135,38,162,110,17,172,59,1119,36,34,196,354,783,8,40,223,287,225,394,24,34,247,335,333,41,93,518,394,321,327
570,2020,Andhra Pradesh,28,Guntur,506,1082,3422219,1716166,1706053,985641,273,14,85,327,252,131,377,210,698,968,218,693,171,639,5,381,57,58,244,185,653,6,22,157,885,12,337,1016,24,79,55,924,270,381,186,31,214,28,454,538,62,766863,66,158654,735,924,271,653,158,1033,463,373,148,49,40,183,15,133,36,898,37,15,172,460,435,13,51,188,132,51,367,17,77,267,192,162,15,69,453,436,109,223
571,2020,Andhra Pradesh,28,Vizianagaram,521,1638,2142383,1073768,1068615,587205,163,20,83,391,582,399,415,103,610,1134,306,916,416,463,17,908,250,43,301,146,1191,8,52,420,1127,31,352,1216,36,92,103,1407,613,593,214,76,142,6,927,381,324,422381,99,71222,633,847,839,593,206,1454,497,316,135,36,170,90,12,139,20,1467,46,49,158,312,1119,22,122,411,382,182,343,23,105,379,426,362,30,94,1142,197,175,273
572,2020,Andhra Pradesh,28,East Godavari,505,1881,4665349,2341401,2323948,1442070,348,24,123,379,340,667,481,282,909,1336,273,1070,538,558,13,982,328,35,439,251,1191,44,92,433,1243,69,543,1331,26,124,412,1319,598,728,309,46,200,53,642,631,555,1068448,78,218883,838,1186,886,831,164,1586,620,550,211,70,280,226,26,177,41,1637,51,31,273,641,936,28,113,277,227,291,442,26,110,315,364,624,39,124,636,470,612,369
573,2020,Andhra Pradesh,28,West Godavari,523,1114,3230367,1627694,1602673,996842,302,29,89,323,262,109,426,244,775,973,244,677,193,507,4,479,124,49,622,99,393,12,15,127,930,30,381,940,17,73,276,748,695,332,39,7,41,54,331,621,108,735224,52,131360,678,891,329,711,74,1017,478,415,184,53,86,139,17,180,47,870,52,15,170,485,444,16,89,189,105,45,350,10,78,281,249,146,111,94,327,467,115,299
574,2020,Andhra Pradesh,28,Chittoor,503,1944,3617573,1830052,1787521,973357,268,29,170,564,604,309,704,191,1326,1701,530,1208,206,1029,4,773,138,63,506,181,1257,6,30,220,1668,20,556,1693,29,58,397,1460,1236,578,91,7,32,5,1149,693,97,801808,86,142346,852,1415,586,1162,196,1731,632,565,188,61,193,126,31,191,64,1658,66,29,287,533,1095,42,182,444,286,141,689,41,156,455,350,253,124,139,899,364,418,560
575,2020,Andhra Pradesh,28,Anantapur,502,1205,3316934,1704163,1612771,888791,208,9,36,236,470,246,415,133,608,979,185,821,199,476,2,657,70,55,290,142,773,7,36,254,897,11,293,1128,16,38,147,1004,513,540,126,3,23,3,789,318,95,694922,61,229101,765,943,325,754,126,1158,560,448,147,29,39,82,6,145,41,1013,37,25,196,410,574,5,44,196,228,101,307,2,27,174,369,326,64,67,452,339,283,256
576,2020,Andhra Pradesh,28,Krishna,510,1124,3144832,1588913,1555919,958255,331,17,82,335,276,83,392,195,715,999,239,673,212,530,6,484,104,46,308,201,615,4,13,100,992,15,332,1024,19,57,62,986,561,436,67,11,49,15,424,615,70,733082,61,181941,700,958,379,624,121,1019,497,362,141,37,84,170,16,102,42,964,48,24,164,400,536,19,80,238,142,57,442,16,84,267,197,118,15,58,210,590,251,274
577,2020,Andhra Pradesh,28,Spsr Nellore,515,1315,2175869,1104262,1071607,614529,166,8,70,306,468,297,428,111,725,1122,236,820,259,597,1,620,97,35,218,135,962,7,15,164,1113,16,282,1115,8,86,29,1192,725,472,53,7,58,10,778,426,101,476490,46,91125,624,844,539,649,127,1175,472,313,99,35,129,90,13,127,24,1151,24,24,160,341,790,10,80,253,300,147,289,8,75,284,346,313,35,102,447,318,413,368
578,2020,Andhra Pradesh,28,Y.S.R.,504,1104,2177330,1105904,1071426,598820,144,8,54,265,376,257,364,99,570,960,307,631,166,469,1,528,106,40,251,88,765,3,14,149,911,27,219,932,17,43,60,984,662,352,43,3,44,8,673,318,105,461346,20,89369,630,765,429,572,103,973,350,283,88,30,123,68,10,91,17,986,32,17,163,315,609,13,59,197,226,114,292,21,55,241,256,239,40,59,240,254,511,206
585,2020,Arunachal Pradesh,12,Shi Yomi,725,118,17909,8955,8954,3988,3,1,2,6,14,92,1,3,1,17,2,18,98,4,10,1,103,1,0,0,118,18,6,8,3,83,3,47,1,2,2,113,1,26,32,12,47,1,8,1,108,1244,9,2507,5,2,109,2,7,27,4,2,2,0,90,1,0,0,2,116,0,2,3,0,113,1,3,11,28,70,4,0,3,5,12,94,0,0,6,60,52,0
579,2020,Andhra Pradesh,28,Srikakulam,519,1963,2872364,1444652,1427712,773112,195,49,162,643,655,259,388,141,836,1515,422,1146,395,595,24,1147,197,50,359,206,1398,14,46,315,1536,52,383,1609,50,126,128,1659,427,722,374,90,350,19,1175,498,271,571428,128,106316,592,1149,880,779,304,1630,566,404,160,39,307,108,14,149,42,1758,45,50,220,361,1332,63,167,556,435,111,394,64,190,507,529,279,61,133,1074,341,354,258
580,2020,Arunachal Pradesh,12,Dibang Valley,230,142,6626,3362,3264,1426,0,1,0,2,2,137,0,0,1,44,5,27,110,0,1,0,141,0,2,0,140,4,17,21,24,76,0,36,0,0,0,142,8,16,106,0,12,0,15,2,125,789,60,877,0,8,129,1,12,11,8,1,0,0,122,0,0,0,2,140,0,1,3,4,134,0,1,6,12,115,0,1,0,2,1,138,1,1,3,6,131,0
581,2020,Arunachal Pradesh,12,Siang,679,110,42297,22058,20239,6965,3,1,0,4,10,92,10,1,28,48,4,21,85,10,10,3,87,0,1,1,108,0,21,36,35,18,4,98,3,1,1,105,15,35,50,5,5,0,73,1,36,1406,4,3773,4,11,107,1,2,62,21,5,6,0,40,1,1,8,1,100,1,9,6,32,63,2,4,4,13,40,2,1,0,1,11,95,1,10,18,48,33,1
582,2020,Arunachal Pradesh,12,Upper Siang,240,90,37208,19028,18180,5489,1,1,0,5,12,71,1,0,38,45,0,29,61,4,4,2,80,0,4,5,81,3,18,10,42,17,1,78,0,6,1,83,18,57,13,0,2,0,46,0,44,969,4,2333,0,8,78,1,11,57,16,2,4,1,33,0,0,20,0,70,0,3,1,52,34,2,0,6,11,15,0,0,0,2,3,85,0,0,12,44,34,0
583,2020,Arunachal Pradesh,12,Anjaw,628,297,22599,12190,10409,4665,0,0,1,6,17,273,0,1,0,10,0,4,293,0,0,1,296,0,0,2,295,2,16,37,164,78,0,28,1,3,0,293,27,197,15,2,56,0,51,2,244,936,2,1005,3,2,297,0,0,46,13,1,1,0,238,0,0,0,1,296,0,5,4,12,276,4,6,16,73,177,1,0,0,1,15,280,1,0,2,13,281,0
584,2020,Arunachal Pradesh,12,Lohit,234,118,29732,15700,14032,6397,1,1,1,12,48,55,1,1,16,35,1,12,105,7,8,13,90,0,1,1,116,1,12,90,9,6,0,23,2,6,1,109,9,39,33,10,27,0,75,5,38,3601,0,4574,9,4,117,0,1,40,22,4,2,1,57,0,5,3,2,108,1,6,5,11,96,1,10,28,40,17,3,2,4,21,52,36,0,0,5,7,106,0
588,2020,Arunachal Pradesh,12,Tawang,238,236,45602,22885,22717,9266,7,1,8,18,34,168,3,6,44,145,9,76,151,37,65,0,134,0,0,1,235,8,45,77,103,3,13,32,1,11,0,224,19,160,47,4,6,0,200,3,33,8152,7,3549,10,10,203,5,28,90,46,8,3,1,127,2,4,4,2,226,0,7,15,17,197,4,38,45,43,67,12,8,9,26,32,149,0,3,128,65,40,3
589,2020,Arunachal Pradesh,12,Changlang,229,314,98114,51575,46539,18628,3,0,15,32,71,193,39,3,95,130,4,58,252,47,7,29,231,1,0,3,311,71,126,97,12,8,5,162,5,1,15,293,29,39,140,23,83,3,238,3,70,6403,21,12160,33,17,243,48,23,199,48,14,8,2,86,6,1,39,24,250,0,3,15,34,262,8,30,43,68,113,10,1,30,27,69,177,0,1,15,93,205,0
590,2020,Arunachal Pradesh,12,Kurung Kumey,233,365,55745,29333,26412,9375,9,0,3,19,35,299,3,2,40,37,12,13,340,17,2,3,343,0,13,9,343,88,124,22,11,120,1,151,25,2,9,329,10,124,109,46,76,0,99,4,262,2389,69,6380,3,60,269,3,93,71,23,11,11,6,271,2,1,4,5,355,5,4,16,10,335,2,5,29,62,237,2,2,4,15,30,312,0,0,14,76,275,1
591,2020,Arunachal Pradesh,12,West Siang,243,149,55269,27386,27883,6176,2,1,2,23,26,95,6,1,27,66,4,37,108,29,0,1,119,1,0,0,149,4,7,41,96,1,8,113,0,2,1,146,10,117,19,0,3,0,55,24,70,3531,9,4676,6,1,121,4,24,90,37,13,7,3,52,0,1,20,2,126,0,5,8,14,122,0,12,30,52,28,3,1,3,18,44,80,0,1,16,97,35,0
592,2020,Arunachal Pradesh,12,Kamle,718,230,35146,17872,17274,6294,4,0,3,5,21,197,12,0,10,119,5,57,168,31,50,2,147,1,2,1,227,20,29,107,53,21,22,90,1,24,0,205,5,68,109,30,18,0,140,6,84,2245,6,3762,12,9,155,54,21,61,36,5,5,0,146,0,7,17,1,205,0,0,11,13,206,6,16,24,47,113,5,1,4,4,13,203,0,0,5,99,126,2
593,2020,Arunachal Pradesh,12,Lower Subansiri,236,394,173700,87738,85962,35379,15,4,25,32,149,169,26,4,100,192,8,180,206,41,25,41,287,1,6,12,376,39,74,88,185,8,20,146,11,8,28,347,47,113,191,10,33,0,283,54,57,11926,20,10597,18,57,358,21,15,92,86,15,15,5,241,0,5,26,3,360,0,6,17,42,329,13,42,69,101,104,7,4,15,27,146,195,11,1,93,188,101,8
594,2020,Arunachal Pradesh,12,Kra Daadi,677,303,43761,21338,22423,7716,1,0,0,5,13,284,0,1,10,57,1,14,288,0,1,6,296,0,0,0,303,23,34,16,38,192,1,98,3,1,4,295,17,70,26,2,188,1,33,7,262,1137,49,5165,1,7,239,1,63,85,46,5,0,2,189,0,0,7,4,292,0,1,7,9,286,6,9,13,27,231,0,0,0,10,7,286,3,2,3,77,218,0
595,2020,Arunachal Pradesh,12,Kra Daadi,677,20,3436,1705,1731,562,0,0,0,3,6,11,0,0,0,1,0,1,19,0,0,0,20,0,0,1,19,4,3,4,2,7,0,5,0,0,0,20,0,3,4,0,13,0,8,0,12,192,0,286,0,0,17,0,3,3,1,1,0,0,15,0,0,0,0,20,0,0,0,1,19,0,0,7,5,7,0,0,0,1,8,11,0,0,0,4,16,0
596,2020,Arunachal Pradesh,12,Leparada,724,80,35374,17777,17597,5519,1,2,12,5,25,35,5,0,29,53,3,46,31,8,7,0,65,0,0,1,79,0,0,12,68,0,1,50,2,2,0,76,12,51,17,0,0,0,59,2,19,4342,3,3478,6,2,65,0,15,48,23,8,2,4,21,0,1,15,1,63,1,1,3,16,60,3,9,13,22,13,3,2,11,8,22,34,0,0,6,65,9,0
597,2020,Arunachal Pradesh,12,Lower Dibang Valley,235,311,51758,26433,25325,10319,2,2,6,28,17,256,54,2,69,108,2,32,277,31,24,93,163,0,2,3,306,8,29,106,63,105,5,147,31,12,9,259,2,112,73,17,107,0,157,17,137,4840,28,5242,8,8,307,0,4,56,40,18,3,3,231,1,1,23,3,284,3,4,16,20,271,4,32,55,32,148,11,0,22,30,22,226,0,1,20,51,239,1
598,2020,Arunachal Pradesh,12,Tirap,239,114,50773,25844,24929,9506,0,0,1,4,15,94,4,0,36,66,3,26,85,30,5,0,79,0,1,5,108,20,30,44,16,4,6,48,3,3,1,107,14,32,43,4,21,0,91,2,21,2626,3,7157,5,11,106,6,2,73,26,11,6,2,25,0,0,49,4,61,0,1,18,9,86,0,1,11,18,56,3,0,0,4,11,96,1,0,17,48,48,1
600,2020,Arunachal Pradesh,12,Papum Pare,237,474,126142,64244,61898,33576,46,0,12,47,82,287,57,61,111,180,20,134,320,128,39,38,269,14,10,26,438,10,94,251,85,34,33,190,25,35,72,342,52,162,187,22,51,0,211,59,204,10774,12,10085,61,37,364,35,75,211,120,74,59,11,204,22,16,26,31,401,6,37,36,46,355,11,26,89,107,122,33,1,3,61,85,291,3,1,26,209,235,14
601,2020,Arunachal Pradesh,12,Namsai,678,179,84529,44359,40170,16723,12,3,1,18,70,75,22,9,51,142,13,67,99,36,1,110,32,1,0,21,158,1,10,67,98,3,65,33,4,3,19,153,9,5,32,13,120,0,161,5,13,8592,6,8661,21,43,145,22,12,116,60,21,11,3,25,0,1,75,1,102,1,7,12,14,146,1,13,37,68,27,12,4,4,29,61,69,0,2,13,86,78,1
602,2020,Arunachal Pradesh,12,Upper Subansiri,241,479,87786,44688,43098,16081,2,1,1,5,18,452,2,0,7,112,6,96,377,20,34,8,417,1,0,3,476,144,81,62,7,185,4,223,0,8,4,467,5,96,204,21,153,0,49,6,424,2670,53,12105,3,20,219,48,212,157,60,13,10,0,283,1,0,10,6,463,1,1,13,60,405,6,15,25,64,295,6,0,0,4,21,448,3,0,8,193,275,0
603,2020,Arunachal Pradesh,12,East Siang,232,118,67971,34192,33779,11661,4,3,1,15,34,61,8,1,46,103,8,64,46,33,6,61,18,1,1,0,117,1,8,35,72,2,15,86,1,4,8,105,34,38,38,1,7,0,90,7,21,5842,18,6816,13,16,49,11,58,66,44,15,8,1,36,4,0,5,0,113,0,5,24,24,65,8,9,24,12,12,3,0,1,20,31,63,3,6,42,49,18,0
604,2020,Arunachal Pradesh,12,East Kameng,231,303,81183,39136,42047,16375,0,0,1,2,25,275,2,0,12,61,5,36,262,6,23,5,269,1,11,6,286,9,20,26,17,231,5,88,0,1,1,301,28,85,82,18,90,1,55,2,245,3510,75,10143,5,19,233,13,57,129,22,3,5,1,154,5,0,12,2,289,1,3,6,11,283,1,2,9,33,238,5,0,0,4,27,267,27,1,15,78,182,2
606,2020,West Bengal,19,Jalpaiguri,314,448,2464526,1291370,1173156,514617,117,10,21,128,125,47,167,98,272,341,12,337,99,128,114,150,56,37,34,120,294,1,17,78,338,14,60,288,2,97,206,143,5,99,151,22,171,2,326,101,19,257164,49,67041,183,137,182,191,75,417,164,126,104,20,30,55,9,219,30,190,26,6,41,247,154,7,22,75,30,20,49,2,16,72,117,192,10,19,98,279,42,58
607,2020,West Bengal,19,Medinipur West,318,5415,4870499,2528302,2342197,1070273,414,168,717,2598,1218,300,764,208,2026,2874,158,2842,2415,990,1264,1242,1919,83,144,444,4827,64,155,1226,3770,200,573,1040,62,388,831,4134,671,1732,1301,174,1537,16,4517,414,468,549948,124,396222,682,582,3981,896,538,3084,1005,625,502,92,2191,193,82,1407,288,3638,221,41,181,853,4340,262,1051,2161,623,243,211,69,333,1241,1624,1937,71,88,776,2979,1501,338
608,2020,West Bengal,19,Murshidabad,319,2028,8005948,4143679,3862269,1692306,414,51,226,736,470,131,708,270,1284,1522,96,1506,426,341,663,677,347,92,85,385,1558,9,49,522,1410,38,234,1060,19,298,370,1341,59,352,557,70,990,2,1715,213,98,904908,47,290622,577,559,988,714,326,1691,644,413,325,34,306,170,42,634,132,1220,72,8,89,759,1172,59,288,582,186,57,129,18,86,395,766,634,32,74,627,750,545,133
609,2020,West Bengal,19,Dinajpur Dakshin,310,1608,1719423,896523,822900,406871,135,57,195,698,409,114,166,87,437,929,55,920,633,154,331,807,316,16,65,217,1326,41,150,617,747,53,135,275,8,111,487,1002,71,211,236,66,1024,5,1340,108,155,177707,25,180482,208,295,1044,406,158,1080,275,173,131,15,490,73,24,376,74,1134,60,3,49,336,1220,93,255,596,185,91,58,38,93,393,568,458,16,10,130,1019,433,35
610,2020,West Bengal,19,Purba Bardhaman,306,2156,5019264,2613963,2405301,1156599,356,66,297,905,446,86,707,249,1313,1676,93,1511,552,880,701,460,115,139,158,385,1613,11,30,413,1677,25,321,1096,36,324,427,1369,208,687,452,65,744,6,1570,509,71,714587,45,236383,591,530,1192,778,186,1975,584,510,351,54,168,294,58,912,259,927,85,16,152,664,1324,81,315,676,212,40,161,29,140,515,708,603,24,130,1060,875,67,188
611,2020,West Bengal,19,24 Paraganas South,304,2144,9183772,4822191,4361581,1925298,492,92,344,772,322,122,746,318,1375,1713,118,1596,430,166,971,905,102,113,199,349,1596,25,95,512,1487,25,839,1194,19,561,438,1126,124,462,574,71,913,4,1711,367,62,935848,189,365334,766,924,800,1111,233,1932,697,622,510,71,183,182,34,971,254,885,118,8,100,1032,1004,104,344,384,133,39,243,45,173,468,659,556,38,147,567,1079,313,368
612,2020,West Bengal,19,Birbhum,307,2279,3704719,1923849,1780870,840593,293,52,207,980,587,160,380,133,956,1863,148,1603,528,694,676,566,343,39,153,221,1905,8,35,482,1712,42,290,742,16,126,268,1869,133,295,365,55,1431,6,1911,176,186,463039,50,226592,488,419,1364,650,265,1855,571,372,252,32,398,161,42,688,127,1422,60,19,115,503,1642,79,318,848,310,87,74,32,83,510,874,706,30,93,1125,841,190,162
613,2020,West Bengal,19,Howrah,313,816,4002435,2099690,1902745,830338,217,37,166,327,59,10,382,169,530,651,45,636,135,151,184,428,53,44,59,200,557,2,8,102,688,16,105,422,7,299,99,411,48,215,210,18,325,9,536,243,28,511693,31,87940,292,327,370,344,102,777,258,253,219,27,34,153,11,333,92,380,62,9,80,377,350,45,135,138,23,9,81,22,67,282,230,134,30,74,202,363,147,56
614,2020,West Bengal,19,Medinipur East,317,2983,5481763,2852466,2629297,1193422,381,164,499,1291,524,124,803,233,1613,1943,56,2328,599,277,1415,1043,248,62,189,443,2351,23,73,559,2287,41,458,1071,21,386,752,1824,107,759,1037,164,916,4,2527,376,76,673827,106,269724,669,730,1379,1259,345,2351,693,570,458,37,580,201,38,1036,205,1704,190,36,99,836,2012,224,701,905,138,44,155,54,276,814,929,755,54,74,478,1741,636,177
615,2020,West Bengal,19,Dinajpur Uttar,311,1501,3600136,1882372,1717764,670611,183,20,108,518,449,223,361,103,706,974,31,1043,427,185,528,482,306,26,92,187,1222,16,124,380,964,17,220,574,45,218,364,874,61,193,139,28,1080,1,1274,96,130,246551,18,224863,240,283,818,500,183,1154,312,183,157,17,314,58,14,407,54,1026,43,25,54,451,971,44,217,416,181,113,102,15,70,284,484,546,21,25,190,420,845,71
616,2020,West Bengal,19,Paschim Bardhaman,704,406,1230956,654497,576459,252659,76,7,59,140,109,15,125,60,270,360,64,271,71,169,21,111,105,21,16,67,323,0,12,46,326,22,31,203,2,47,86,271,55,153,87,5,106,0,298,77,31,136318,3,41764,105,144,214,164,28,342,96,76,52,9,63,44,10,180,41,175,16,1,26,158,221,11,53,95,49,13,39,9,26,106,148,78,7,37,279,52,31,46
617,2020,West Bengal,19,Hooghly,312,1941,4624793,2371231,2253562,1056928,368,91,356,815,272,39,874,239,1516,1562,193,1334,414,529,472,776,164,94,138,513,1290,6,17,228,1682,8,247,973,61,460,324,1096,213,477,443,48,760,7,1015,841,78,694315,52,159379,482,594,969,612,360,1755,469,422,327,41,168,221,33,1016,169,723,100,26,122,751,1042,94,355,475,88,30,135,19,116,547,710,414,40,94,672,959,176,144
618,2020,West Bengal,19,Jhargram,703,2559,1156912,592778,564134,258450,95,69,285,1151,755,204,108,50,723,1471,114,1261,1184,543,248,471,1297,5,43,68,2448,60,87,591,1744,77,210,350,8,66,325,2160,124,633,633,101,1068,2,2114,93,350,91219,10,101967,192,181,1900,263,396,1335,389,165,144,15,1149,49,70,638,114,1737,26,5,60,263,2231,127,517,1127,342,118,42,35,131,543,898,910,15,23,261,676,1584,80
619,2020,West Bengal,19,Darjeeling,309,344,787426,399161,388265,167213,57,8,26,112,108,33,87,57,154,290,20,225,99,51,38,149,106,21,28,31,285,1,4,74,255,10,29,112,10,30,92,212,20,60,113,4,147,2,266,53,23,108229,30,21816,56,43,242,63,39,235,62,43,42,9,100,24,5,114,25,200,8,5,16,67,256,9,39,106,72,30,22,4,14,90,117,97,7,10,117,175,35,17
620,2020,West Bengal,19,Purulia,321,2589,3235648,1677794,1557854,604965,205,41,192,888,1006,257,582,111,1176,1842,282,1281,1026,707,292,488,1102,78,229,547,1813,11,60,608,1828,82,385,1213,15,100,450,2024,115,412,292,30,1740,9,2217,140,223,197731,235,184348,529,948,1107,1032,450,2220,719,367,291,41,352,197,30,1025,134,1400,129,19,109,610,1851,81,354,953,406,57,231,25,106,572,981,674,19,28,300,626,1616,416
621,2020,West Bengal,19,24 Paraganas North,303,1610,6092117,3172125,2919992,1386909,355,57,250,586,284,78,780,251,1211,1295,65,1220,325,249,447,834,80,63,101,353,1156,7,47,388,1162,6,292,758,7,403,396,804,107,310,490,62,641,1,1242,332,35,758229,18,221590,534,496,853,648,109,1479,505,402,357,42,109,119,47,697,106,760,103,10,88,708,804,47,235,363,113,46,112,9,80,349,565,495,24,120,796,521,149,89
622,2020,West Bengal,19,Bankura,305,3601,3799312,1957164,1842148,792187,253,100,347,1619,1043,239,510,148,1501,2536,269,2281,1051,1079,755,597,1170,56,168,329,3104,25,124,732,2679,41,389,1108,13,290,245,3053,318,1113,1024,110,1036,5,3218,209,169,399888,55,194934,507,646,2346,894,361,2826,755,448,324,46,734,180,47,1457,121,1976,96,12,134,560,2895,177,551,1591,485,91,114,35,166,879,1300,1107,23,77,1148,1220,1133,267
623,2020,West Bengal,19,Coochbehar,308,1217,3269556,1707657,1561899,760461,165,34,140,479,322,77,251,107,513,724,7,653,557,115,326,560,216,30,62,161,994,17,40,429,701,30,137,388,19,172,279,747,40,226,336,43,572,6,1012,69,130,366119,54,254325,322,205,727,310,180,1066,391,239,192,20,139,101,14,293,43,867,51,22,74,384,737,37,172,344,126,58,62,17,70,271,441,356,23,19,59,528,588,61
624,2020,West Bengal,19,Maldah,316,1801,5116371,2692626,2423745,1045372,306,51,185,591,470,198,337,172,685,897,41,949,811,182,524,597,498,56,172,407,1222,21,235,713,775,57,205,590,15,274,378,1134,116,476,497,40,672,4,1471,168,158,425044,45,255964,386,471,1172,508,121,1277,380,305,232,27,485,124,25,348,136,1292,58,8,83,606,1104,53,165,465,300,121,189,18,116,373,612,493,52,109,209,556,875,70
625,2020,West Bengal,19,Alipurduar,664,353,1668054,854538,813516,374170,72,4,29,118,94,36,116,35,210,270,11,223,119,86,55,148,64,14,57,78,218,2,21,88,240,2,38,204,3,55,157,138,6,44,129,20,154,1,299,28,25,228586,15,69757,155,98,157,144,52,341,150,106,93,18,10,32,3,164,10,176,20,1,28,226,98,4,17,55,15,7,40,2,8,70,113,120,5,6,78,175,89,26
626,2020,West Bengal,19,Nadia,320,1329,5246496,2740701,2505795,1221357,336,39,143,456,266,89,493,183,814,1094,118,834,377,275,344,633,77,108,97,398,834,19,30,295,950,35,199,652,13,287,257,772,99,433,418,26,353,7,991,220,111,674563,50,205748,415,447,545,628,156,1228,447,352,310,40,96,117,31,505,160,633,74,11,91,425,802,36,144,404,165,53,102,29,67,244,440,447,65,84,274,343,563,200
627,2020,Uttarakhand,05,Almora,045,2212,624119,300829,323290,133629,86,66,163,536,756,605,174,59,989,1181,96,1352,764,582,1067,7,556,4,8,223,1981,1,39,462,1686,24,319,860,22,315,51,1824,436,1381,307,12,76,4,1901,227,80,91724,133,9517,303,1188,1797,192,223,1188,397,241,182,17,979,11,3,191,40,1978,29,47,53,101,2011,53,190,564,670,534,91,57,119,483,684,778,12,6,129,1474,591,794
628,2020,Uttarakhand,05,Chamoli,047,1185,363500,181754,181746,86372,47,19,68,159,317,575,93,22,364,424,83,631,471,176,561,15,433,1,19,64,1102,1,37,238,863,46,111,560,2,80,10,1093,401,447,165,16,156,3,935,95,152,57797,124,9441,273,713,648,282,255,733,389,221,132,9,419,16,2,63,24,1096,19,9,38,62,1076,17,76,169,317,497,48,18,60,133,288,638,11,24,350,570,230,418
629,2020,Uttarakhand,05,Haridwar,050,556,1622093,861456,760637,300488,82,22,71,209,146,26,162,59,264,433,242,239,75,119,34,145,258,14,204,97,255,1,1,81,456,17,130,306,8,54,126,368,146,223,86,7,94,0,345,152,59,140174,30,17610,88,345,214,286,56,430,231,123,73,23,119,13,15,43,33,465,21,42,28,73,413,16,68,174,134,21,63,8,64,209,175,37,4,24,378,82,68,36
630,2020,Uttarakhand,05,Pithoragarh,053,1569,448977,226105,222872,105039,69,24,103,320,448,605,112,39,610,494,75,911,583,137,751,36,645,3,20,74,1475,2,37,382,1106,42,159,574,4,107,11,1447,363,924,199,9,74,3,1315,106,145,72869,131,9096,339,720,1339,100,130,835,374,210,146,9,708,11,30,107,20,1412,23,34,67,103,1365,22,91,344,419,489,64,18,91,271,424,701,10,12,472,719,356,687
631,2020,Uttarakhand,05,Dehradun,049,646,742476,392640,349836,124211,53,24,41,106,116,306,72,43,232,446,55,359,232,115,299,59,173,6,38,67,541,3,10,206,422,5,89,328,9,26,39,572,192,340,90,1,23,0,488,129,29,77168,46,9814,137,396,472,76,98,482,227,130,79,11,154,4,11,61,20,554,13,15,20,43,568,17,30,114,133,274,33,9,39,96,117,352,24,14,141,342,125,83
632,2020,Uttarakhand,05,Bageshwar,046,853,258318,125966,132352,57624,30,32,65,182,240,304,65,15,185,404,34,497,322,119,499,14,221,2,4,55,794,0,13,129,694,17,85,347,1,24,0,828,207,508,101,4,33,3,736,34,80,38983,37,6405,148,410,700,75,78,430,182,95,72,6,391,0,0,12,4,837,8,34,22,48,749,26,69,219,210,225,27,28,65,172,242,319,6,3,113,535,196,202
633,2020,Uttarakhand,05,Pauri Garhwal,052,3392,480142,227854,252288,113268,114,69,255,817,995,1142,271,63,1062,1430,246,2246,900,1089,1223,17,1063,5,38,101,3253,4,13,470,2757,148,244,760,29,290,21,3052,1059,1444,527,28,334,12,2972,108,300,85991,304,15240,380,1351,2547,483,362,1368,542,272,190,25,1946,15,37,307,111,2937,20,93,123,166,3010,65,272,846,923,904,93,44,155,559,880,1661,80,21,506,1767,1018,1054
634,2020,Uttarakhand,05,Champawat,048,685,260299,133826,126473,54511,46,4,28,112,168,327,98,23,319,300,30,415,240,53,380,26,226,2,12,80,593,1,22,119,507,36,97,323,13,50,7,615,71,356,186,5,67,1,562,66,56,35166,102,7731,90,344,537,64,84,400,192,129,84,14,265,11,13,63,12,597,27,6,24,40,615,14,30,139,180,252,39,8,36,112,137,353,26,3,67,394,195,173
635,2020,Uttarakhand,05,Tehri Garhwal,055,1791,673046,337403,335643,135680,74,45,120,375,528,649,123,50,535,1011,81,1228,482,657,688,4,442,1,19,73,1699,11,37,363,1344,36,251,749,4,128,1,1658,248,1003,455,14,71,1,1562,158,70,105197,59,18470,250,1097,1509,173,109,1206,488,278,215,17,540,9,1,53,20,1717,14,42,80,116,1553,36,136,351,421,609,43,31,90,291,444,892,26,2,316,1070,377,517
636,2020,Uttarakhand,05,Uttar Kashi,057,668,346409,177901,168508,78418,27,14,28,131,157,311,70,14,264,358,30,442,196,153,262,4,249,1,10,34,624,7,34,196,425,6,97,411,5,49,5,609,148,382,86,9,43,2,557,41,68,52543,34,10045,108,424,475,111,82,584,303,107,80,1,73,6,3,31,8,626,8,16,38,59,555,9,35,121,163,227,41,8,35,125,173,286,25,10,193,344,96,214
637,2020,Uttarakhand,05,Rudra Prayag,054,659,248421,120140,128281,56174,30,12,46,165,198,208,38,15,246,335,36,464,159,164,263,22,210,1,3,67,589,1,1,189,455,13,37,314,4,50,2,603,134,412,69,1,43,0,537,76,46,46964,35,6963,116,364,421,145,93,465,205,101,81,4,181,1,0,44,5,610,8,17,22,29,591,16,57,206,147,165,36,9,55,168,158,233,7,4,81,308,259,193
654,2020,Bihar,10,Sheikhpura,219,315,621563,333499,288064,150665,48,23,37,74,111,22,15,10,32,224,59,180,76,21,20,149,125,5,30,16,269,5,7,65,207,31,82,148,1,29,0,285,71,107,54,14,69,0,246,15,54,45464,6,21302,65,87,269,27,19,219,152,56,24,7,73,22,3,10,7,295,5,11,19,57,228,16,28,77,81,26,15,14,16,76,143,51,14,28,140,41,92,6
638,2020,Uttarakhand,05,Nainital,051,1025,497580,254932,242648,98019,122,13,108,329,210,243,148,95,372,769,194,579,252,335,231,208,251,12,37,166,822,1,14,351,650,9,149,375,8,92,88,837,289,476,200,13,47,1,767,216,41,63414,80,6486,155,473,787,127,111,634,349,195,147,17,358,19,9,55,28,933,26,37,22,84,882,23,121,347,223,168,109,30,88,303,240,255,23,11,225,361,405,61
639,2020,Uttarakhand,05,Udam Singh Nagar,056,612,1081217,557758,523459,210215,84,8,54,265,173,28,141,50,194,482,127,355,130,66,16,246,284,11,65,100,447,1,15,198,397,1,200,300,13,30,150,419,76,143,132,78,183,2,526,53,31,122245,50,22938,72,338,497,46,69,450,222,118,68,12,150,14,21,46,31,514,17,29,10,94,479,8,56,194,192,29,67,6,42,209,249,39,7,11,371,170,53,25
640,2020,Bihar,10,Sitamarhi,221,868,4395366,2350579,2044787,975410,209,16,61,241,296,45,176,93,288,622,200,460,208,118,28,644,78,53,110,260,498,3,10,239,610,6,216,606,18,115,453,282,149,486,153,25,55,5,705,98,60,441124,53,141799,315,379,572,167,129,736,569,224,96,27,89,51,14,77,81,696,53,41,107,175,545,5,46,193,232,69,60,6,39,189,399,175,62,152,192,230,232,89
641,2020,Bihar,10,Muzaffarpur,208,1838,5860429,3152435,2707994,1266302,529,68,202,542,399,98,369,366,633,1315,500,905,433,154,39,1317,328,192,167,381,1290,26,66,495,1222,29,506,1099,112,296,651,779,437,866,346,28,161,11,1572,120,135,586394,179,265539,596,679,1475,156,207,1492,1076,441,279,123,221,125,33,93,121,1591,143,78,304,370,1086,29,127,371,375,184,190,26,103,419,652,448,130,108,298,488,814,141
642,2020,Bihar,10,Kaimur (Bhabua),200,1693,1882561,992124,890437,314183,101,22,121,514,677,258,97,43,200,956,384,609,700,150,203,932,408,21,150,148,1395,37,61,634,749,212,328,491,43,158,45,1447,344,426,247,46,630,5,1223,134,331,104037,145,45050,118,251,1385,126,182,913,477,123,66,18,677,14,24,212,106,1351,20,65,128,143,1357,19,98,475,553,212,43,14,70,384,741,441,174,145,454,434,486,65
643,2020,Bihar,10,Munger,207,879,1360749,734266,626483,264352,97,35,101,264,280,102,43,50,86,421,185,301,393,48,16,469,346,17,29,91,759,5,23,190,448,213,69,263,47,76,115,641,91,295,126,14,353,0,553,39,287,122772,6,42050,118,120,716,63,100,404,281,123,62,10,430,29,9,99,27,744,18,41,109,96,633,24,85,202,226,96,19,24,62,209,358,207,76,84,168,186,365,10
644,2020,Bihar,10,Sheohar,220,209,763422,407249,356173,181861,45,4,29,84,35,12,37,15,59,188,43,136,30,38,8,144,19,1,17,55,137,2,3,37,160,7,99,144,1,28,63,117,52,104,15,1,37,2,196,3,8,101516,9,23774,55,59,130,52,27,163,131,51,16,2,26,9,4,5,4,196,5,6,20,62,121,12,20,40,40,9,7,2,6,58,98,38,14,11,19,66,99,23
645,2020,Bihar,10,Darbhanga,195,1288,4979349,2599560,2379789,1133097,252,38,134,435,295,134,239,123,356,788,303,713,272,146,54,709,379,67,143,237,908,7,36,326,861,58,181,746,27,118,451,692,176,552,274,57,229,7,1061,85,135,534707,49,198493,365,448,1057,127,104,961,642,261,114,31,278,48,11,94,21,1162,25,57,104,154,973,19,80,322,358,194,59,10,58,263,486,412,86,58,207,301,636,62
683,2020,Jharkhand,20,Simdega,342,451,614307,307297,307010,119702,31,3,13,58,118,228,23,8,61,166,41,163,247,44,1,298,108,14,75,40,336,83,216,117,11,24,30,197,2,1,222,226,32,33,41,22,323,5,370,8,68,33757,14,85728,88,168,395,29,27,399,214,76,30,9,42,4,7,46,12,386,9,57,14,96,284,3,23,74,83,101,10,1,6,33,92,309,6,6,14,43,382,49
646,2020,Bihar,10,Samastipur,217,1285,5286586,2794679,2491907,1118740,361,35,145,434,229,81,236,212,446,932,291,604,390,119,37,822,307,113,203,330,752,15,28,337,865,40,353,836,45,133,610,497,232,625,230,28,170,6,971,189,119,567719,83,197618,498,657,852,236,197,983,776,358,167,56,209,113,50,127,72,1036,62,53,149,270,813,30,115,307,242,119,125,24,89,338,439,270,141,71,198,398,477,106
647,2020,Bihar,10,Nalanda,209,1063,2858450,1511092,1347358,520224,211,34,95,320,339,64,118,58,274,894,417,380,266,137,34,764,128,69,160,121,782,8,20,210,801,24,263,538,44,179,23,817,394,478,118,8,65,6,850,131,76,217350,76,68338,273,470,836,121,106,898,533,200,120,23,102,39,29,106,52,876,52,79,118,187,679,19,80,220,299,61,74,18,63,238,485,185,58,71,537,172,225,59
648,2020,Bihar,10,Supaul,223,565,3197244,1678533,1518711,656173,122,4,27,129,166,117,161,66,253,420,108,347,110,69,13,346,137,40,60,228,277,7,13,135,385,25,162,456,0,65,240,260,19,135,111,36,264,3,408,106,48,276164,56,176428,217,253,324,168,73,473,358,168,74,15,69,9,8,29,21,507,6,17,42,116,390,3,24,113,154,96,32,7,9,89,189,239,35,24,31,79,396,30
649,2020,Bihar,10,Buxar,194,1132,2062144,1131647,930497,347624,146,43,148,474,249,72,92,67,171,666,261,540,331,172,37,614,309,26,78,90,964,4,36,259,682,151,142,361,60,73,103,896,143,332,227,46,384,9,840,58,225,158284,82,33759,152,218,1039,56,37,622,354,126,79,29,454,26,52,79,61,940,22,32,72,92,936,26,108,377,325,100,52,20,69,325,437,229,53,89,471,210,309,37
705,2020,Nagaland,13,Kiphire,614,94,93300,48536,44764,18438,1,0,1,3,8,81,13,2,34,25,2,18,74,1,34,0,59,0,4,3,87,10,32,30,16,6,19,46,1,1,2,90,12,28,21,3,30,0,74,0,20,1665,0,11728,11,42,46,17,31,75,38,11,1,9,17,5,2,29,3,60,3,3,8,16,67,0,3,16,15,33,3,1,2,3,10,75,3,0,27,47,17,3
650,2020,Bihar,10,Madhubani,206,1170,5910842,3138294,2772548,1281831,292,26,112,370,272,98,217,127,431,822,228,606,336,151,49,744,226,65,126,317,727,4,30,266,842,28,376,757,13,97,558,502,86,375,364,62,283,5,918,128,119,527294,79,289022,474,565,968,139,63,993,747,346,177,53,134,82,15,110,59,986,42,59,124,258,729,15,69,256,274,115,86,18,45,249,454,318,63,35,112,316,644,47
651,2020,Bihar,10,Katihar,201,1547,3976451,2112678,1863773,839295,216,23,93,412,467,336,188,117,325,892,268,769,510,32,36,1057,422,107,149,334,1064,11,70,506,873,87,126,625,38,175,527,807,85,254,247,81,880,7,1238,97,205,273379,54,212736,256,523,1184,153,210,862,531,229,97,28,560,21,4,61,69,1413,22,70,137,142,1198,11,66,256,415,450,98,23,51,221,479,675,41,27,92,440,947,86
652,2020,Bihar,10,Purnia,214,1326,4526973,2422949,2104024,976474,262,8,75,260,404,317,241,134,322,745,241,647,438,59,26,981,260,63,135,383,808,17,155,557,577,20,242,694,20,251,633,422,39,260,302,54,671,5,1097,90,134,262502,134,291569,330,565,866,305,155,973,661,284,129,32,269,60,10,223,102,991,48,88,175,241,822,12,44,165,350,251,78,5,44,177,471,551,44,32,39,225,986,98
653,2020,Bihar,10,Gopalganj,197,1540,2991457,1510940,1480517,504431,193,46,206,620,394,81,248,91,541,1067,444,489,607,247,99,645,549,57,165,376,999,17,21,252,1199,51,235,583,62,257,245,976,472,659,211,33,165,3,1369,48,120,285699,83,40943,225,453,1294,129,117,1046,634,230,97,16,391,25,42,171,80,1247,28,66,93,201,1180,29,165,478,393,115,46,27,97,408,668,294,163,125,375,389,488,80
706,2020,Nagaland,13,Wokha,250,133,138586,71403,67183,27895,3,0,1,6,23,100,5,1,42,31,7,23,103,20,25,5,83,0,1,1,131,14,30,41,42,6,13,72,0,1,13,119,1,4,26,7,95,1,107,0,25,5687,5,15108,17,58,99,18,16,106,38,17,0,1,17,1,2,43,1,87,1,1,20,27,85,1,1,15,21,47,2,0,3,6,26,96,1,1,10,66,55,3
655,2020,Bihar,10,Nawada,210,1093,2404499,1268645,1135854,474686,161,35,107,356,331,103,169,77,265,669,179,574,340,120,35,670,268,43,164,147,782,17,41,338,649,48,248,466,40,189,130,734,304,431,187,24,147,3,912,82,96,145562,80,93270,149,380,870,105,118,845,490,183,106,39,210,50,13,152,90,838,45,69,76,120,828,19,85,274,333,117,72,19,65,297,476,164,163,118,401,228,183,76
656,2020,Bihar,10,Araria,188,754,3813954,2041446,1772508,971925,186,6,42,125,232,163,124,113,212,517,119,481,154,22,14,576,142,36,74,273,407,8,21,194,513,18,128,478,18,111,360,265,33,260,138,26,297,0,659,39,56,267700,31,223324,269,295,631,48,75,593,453,204,94,31,109,29,3,38,39,674,17,43,77,112,522,7,22,115,209,169,41,6,11,85,231,380,20,18,38,225,453,22
657,2020,Bihar,10,Bhagalpur,192,1708,4057787,2205310,1852477,751591,212,62,170,648,437,179,206,133,317,968,245,849,614,49,44,1029,586,109,159,398,1151,19,88,534,842,225,131,593,48,139,502,1019,235,570,282,61,560,7,1131,160,410,302595,43,134764,274,433,1361,209,138,789,622,279,140,23,814,63,16,200,68,1424,24,45,156,234,1273,36,133,565,316,223,62,28,90,500,581,447,154,160,413,391,590,42
658,2020,Bihar,10,Khagaria,202,309,2236211,1208691,1027520,531265,116,7,27,61,65,33,91,52,106,200,75,177,57,44,5,149,111,30,109,46,154,5,18,99,184,3,98,210,9,106,35,159,17,74,68,31,119,0,234,43,32,183004,48,95157,153,209,260,21,28,284,254,140,77,22,16,24,5,37,34,233,13,19,42,77,171,2,13,47,65,44,61,5,19,69,82,73,45,14,41,44,165,33
707,2020,Nagaland,13,Peren,613,84,103664,53181,50483,22783,1,0,0,4,10,69,5,1,32,27,0,9,75,13,9,20,42,1,3,1,80,10,20,21,12,21,6,38,2,1,10,71,6,8,19,11,40,0,74,1,9,4495,4,13681,13,41,76,2,6,80,38,18,3,2,2,2,0,45,2,37,1,3,10,12,59,0,2,7,11,39,6,0,0,4,10,64,3,0,1,30,50,2
659,2020,Bihar,10,Vaishali,224,1579,4186735,2242372,1944363,773849,341,66,215,605,303,49,350,187,593,1059,383,679,517,160,50,1038,331,94,133,302,1144,8,61,402,1046,62,344,710,111,178,687,603,221,753,391,43,171,12,1229,179,159,373519,90,124703,345,443,1200,174,205,1040,725,286,148,49,422,66,16,118,74,1371,92,105,243,185,1046,32,156,465,308,85,103,18,115,492,616,235,235,128,200,512,504,120
660,2020,Bihar,10,Jehanabad,199,585,1215268,651054,564214,234193,108,24,63,246,130,14,89,32,180,465,149,272,164,40,7,404,134,13,78,65,442,7,12,161,398,7,179,262,19,67,17,482,158,268,105,8,46,3,509,28,45,83632,27,31314,117,189,454,86,45,458,278,81,54,9,98,31,5,107,8,465,19,34,95,53,403,15,48,177,139,24,40,19,35,185,247,59,33,97,241,116,98,33
661,2020,Bihar,10,Siwan,222,1532,3769116,1943488,1825628,665471,333,57,156,526,406,54,320,156,474,1098,341,568,623,268,79,751,434,87,169,349,1014,37,68,433,963,31,365,865,58,325,321,828,206,817,253,43,213,12,1217,176,127,325028,234,54604,419,534,1122,319,91,1190,813,286,176,64,255,82,28,136,114,1254,80,64,143,261,1064,24,94,362,447,137,116,23,90,398,645,260,181,158,277,412,504,137
662,2020,Bihar,10,Lakhisarai,204,472,974957,524207,450750,180737,67,10,42,153,154,46,56,20,93,316,87,287,98,27,23,304,118,29,27,95,350,1,6,112,341,12,71,202,5,64,8,395,128,155,86,8,95,4,360,33,75,63450,34,16989,71,121,413,26,33,364,196,76,46,11,95,15,2,39,45,386,7,6,23,54,389,5,15,102,187,80,16,8,17,90,216,125,37,36,161,106,132,13
708,2020,Nagaland,13,Dimapur,244,211,317530,159806,157724,71571,10,4,10,32,41,114,22,15,70,130,7,44,160,41,0,110,60,1,16,5,190,6,37,90,64,14,30,128,3,20,36,152,4,14,44,23,126,1,168,19,23,40172,5,24543,36,113,152,32,27,195,114,34,17,12,10,10,3,118,7,83,6,7,15,44,145,4,20,40,40,41,8,2,7,29,51,114,3,5,57,104,42,10
663,2020,Bihar,10,Jamui,198,1506,2043399,1088682,954717,383960,168,17,77,574,477,193,114,61,216,810,264,615,627,64,59,1020,363,29,152,142,1212,16,47,572,788,83,324,574,19,159,364,964,70,436,507,68,425,3,1263,109,131,151931,50,58666,208,494,1142,287,77,940,600,185,100,18,436,29,10,80,95,1321,34,58,95,114,1239,19,61,443,471,245,28,7,37,466,545,423,68,99,263,628,448,159
664,2020,Bihar,10,Rohtas,215,2073,2969985,1577717,1392268,534828,255,47,185,649,696,241,223,129,628,1326,556,875,642,233,82,1273,485,91,200,209,1664,23,108,569,1198,175,515,624,73,294,192,1514,330,713,473,52,505,15,1541,203,314,187852,209,75552,302,528,1728,194,151,1433,848,307,169,79,519,106,83,280,193,1517,118,114,195,206,1558,39,111,503,633,272,167,43,108,474,833,448,152,183,820,413,505,204
665,2020,Bihar,10,Aurangabad,189,1853,2698615,1442528,1256087,493038,168,53,174,609,649,200,150,44,369,1374,437,994,422,195,65,1306,287,38,117,124,1612,3,71,676,1067,36,338,716,31,152,137,1533,167,660,482,60,484,5,1631,35,182,162492,101,94975,241,482,1513,218,122,1239,773,189,94,19,486,29,64,183,40,1566,19,41,84,109,1619,30,141,521,658,269,33,24,103,419,806,468,97,132,962,362,300,82
666,2020,Bihar,10,Pashchim Champaran,211,1502,4650431,2490544,2159887,852032,254,14,104,355,495,280,247,144,502,973,342,696,464,157,27,1001,317,61,118,315,1069,16,55,588,767,76,275,757,78,160,528,736,236,653,293,29,291,5,1199,139,159,401901,151,172456,320,458,1167,180,155,1150,738,279,128,40,256,40,29,159,72,1242,52,116,165,220,1001,11,53,219,418,300,80,11,42,169,602,598,86,177,363,309,567,63
667,2020,Bihar,10,Madhepura,205,483,2593514,1390349,1203165,560106,129,11,15,123,173,32,96,58,128,318,112,252,119,52,10,274,147,17,89,155,239,0,17,144,313,9,114,343,1,67,214,201,22,124,121,15,201,3,378,64,38,190279,39,144508,215,283,370,62,51,384,364,161,59,14,79,14,7,60,33,383,15,50,57,110,266,5,17,99,127,18,45,5,11,107,222,93,80,37,50,129,187,30
668,2020,Bihar,10,Saharsa,216,477,2205107,1199572,1005535,480007,107,18,48,121,116,67,111,56,147,276,62,278,137,36,9,281,151,22,60,126,291,3,17,127,316,14,86,295,15,68,132,262,35,73,107,58,204,3,389,55,30,152587,20,120124,158,198,355,70,52,388,288,124,49,10,67,9,6,43,12,416,8,21,40,54,362,4,42,120,120,76,32,12,20,112,165,136,18,9,22,107,321,21
669,2020,Bihar,10,Purbi Champaran,213,1443,5888421,3190396,2698025,1149510,446,33,130,396,337,101,248,218,452,1046,377,868,198,128,58,985,272,97,144,438,861,8,24,347,1023,41,339,976,30,297,411,705,469,734,159,17,64,7,1174,141,121,510724,106,213076,515,542,1197,155,91,1210,863,348,174,69,165,56,91,72,56,1224,56,103,180,274,886,25,87,302,334,138,130,30,70,323,510,380,139,141,296,449,418,103
670,2020,Bihar,10,Patna,212,1420,4600007,2457847,2142160,825976,277,79,179,414,347,124,200,138,334,989,332,817,271,84,17,789,530,81,123,128,1169,10,35,428,865,82,252,716,44,198,110,1068,294,695,235,33,163,7,1078,122,213,328796,41,118089,356,444,1108,147,165,1152,704,247,133,29,200,37,31,119,42,1228,62,37,161,135,1087,43,104,358,403,179,70,28,95,346,521,360,110,95,647,247,321,55
709,2020,Nagaland,13,Mokokchung,246,88,164771,83166,81605,35881,6,1,1,12,19,49,6,3,41,59,2,54,32,7,23,1,57,0,12,9,67,5,11,38,32,2,14,69,3,2,15,68,2,25,35,2,24,0,83,1,4,15875,1,16173,32,66,50,22,16,79,45,30,1,2,4,33,1,59,5,23,0,3,19,34,32,1,4,9,6,12,2,0,2,7,15,62,0,3,45,34,6,7
671,2020,Bihar,10,Bhojpur,193,1217,3096752,1660007,1436745,469380,187,36,123,442,316,113,129,52,406,814,170,619,428,197,70,664,286,26,108,161,948,17,15,254,829,102,272,604,39,131,176,871,56,357,325,26,453,2,970,103,142,203042,86,92625,266,366,952,139,126,900,586,184,104,21,249,21,40,113,56,1008,25,50,100,142,925,23,79,322,363,138,46,12,49,317,464,329,35,61,514,311,296,58
672,2020,Bihar,10,Begusarai,191,1228,3540498,1907255,1633243,790870,290,67,154,362,234,121,199,178,312,702,276,560,392,167,23,599,439,102,164,235,829,11,40,193,844,140,228,518,26,235,188,779,68,261,210,97,592,2,844,140,242,354759,51,106592,333,431,979,107,142,639,538,247,142,41,520,119,21,75,71,1061,55,49,152,175,852,48,116,287,271,130,89,51,125,303,415,245,152,41,113,265,657,63
673,2020,Bihar,10,Saran,218,1758,4671401,2460702,2210699,794921,468,44,166,559,414,107,394,268,655,1070,308,749,701,280,75,1043,360,192,221,417,1120,27,100,687,897,47,329,829,141,461,556,600,256,909,312,91,190,6,1335,218,199,264753,151,81589,470,903,1248,292,218,1414,1056,426,236,78,265,94,15,198,240,1305,80,87,285,348,1038,18,98,424,395,103,138,28,102,534,712,244,184,224,309,548,493,132
674,2020,Bihar,10,Kishanganj,203,771,1717222,881610,835612,362975,82,6,52,184,292,155,118,45,318,591,133,394,244,25,26,531,189,19,91,141,539,0,15,260,480,16,89,394,17,76,265,413,60,68,76,23,544,2,613,72,84,119695,20,82391,110,224,530,160,81,576,351,131,56,15,144,11,1,10,15,745,16,19,49,66,637,10,31,171,274,151,41,7,22,87,335,279,14,23,101,251,382,29
675,2020,Bihar,10,Gaya,196,2891,4624380,2444842,2179538,849016,271,88,325,932,1008,267,374,111,891,1846,599,1754,538,203,31,1974,683,60,228,319,2344,17,236,952,1603,83,507,1108,83,303,474,2031,341,1033,688,155,674,9,2552,152,178,243624,167,152780,372,1017,2390,235,266,1994,1120,286,168,41,723,67,45,196,129,2521,58,106,152,346,2287,50,190,656,1058,333,104,43,136,598,1307,703,281,213,934,829,634,127
676,2020,Bihar,10,Banka,190,2131,2551622,1367851,1183771,477850,157,72,171,606,848,277,121,75,290,983,334,1052,745,66,12,1214,839,38,107,275,1749,12,40,758,1172,149,234,554,41,64,706,1320,249,538,593,95,656,8,1728,41,354,166214,84,108687,219,345,1840,145,146,1186,560,177,93,27,873,60,41,140,137,1813,41,71,156,207,1697,54,138,542,695,268,42,47,93,415,919,615,79,71,510,738,733,64
677,2020,Bihar,10,Arwal,611,317,744085,392258,351827,140441,68,10,43,106,75,15,66,29,136,232,64,65,188,68,8,175,66,8,31,26,260,5,10,82,211,9,67,138,16,46,17,238,76,116,39,5,81,3,279,8,27,45979,51,25114,71,94,244,42,31,264,171,66,41,13,41,15,9,40,19,249,12,11,32,39,235,4,21,95,84,31,17,5,22,85,137,51,48,37,121,52,59,41
678,2020,Jharkhand,20,Koderma,334,617,713653,370210,343443,171315,75,29,88,174,176,75,43,53,48,273,84,278,255,49,21,332,215,39,127,71,419,19,128,342,103,25,52,184,24,31,155,407,24,40,95,42,416,4,511,21,81,57312,26,26782,80,196,544,29,44,394,199,79,52,12,185,22,23,83,39,472,16,18,33,116,450,20,49,138,155,88,42,20,55,118,218,164,13,5,90,232,277,43
710,2020,Nagaland,13,Kohima,245,98,197336,98636,98700,37564,5,0,2,10,20,61,13,5,31,62,2,27,69,23,20,3,52,0,3,10,85,5,23,40,24,6,10,65,0,6,9,83,1,16,16,8,57,0,81,3,14,14622,5,20379,21,65,64,11,23,82,39,24,6,6,11,11,3,42,8,45,2,4,19,22,53,1,10,12,10,20,10,2,0,3,15,68,0,2,18,65,13,2
679,2020,Jharkhand,20,Palamu,338,1707,1865900,982492,883408,554630,131,41,153,405,534,443,122,32,202,624,167,947,593,83,31,1069,524,51,272,205,1230,226,585,550,281,65,113,634,58,61,285,1303,76,101,179,108,1243,12,1415,69,211,129739,105,176804,164,448,1483,107,117,1159,611,181,108,39,454,30,36,85,95,1491,33,67,70,132,1438,40,118,359,518,403,65,21,63,251,560,747,22,12,239,664,770,81
680,2020,Jharkhand,20,Ranchi,339,1327,2098614,1082281,1016333,472466,132,19,89,334,500,253,146,71,227,799,166,756,405,89,20,709,509,57,214,147,966,90,421,615,197,4,212,715,18,42,486,781,82,221,314,92,618,3,1174,54,96,150609,52,219976,236,472,1130,124,73,1036,623,179,102,47,215,37,30,182,78,1037,36,73,75,239,940,14,77,313,352,184,90,18,45,229,460,485,35,18,152,411,711,91
681,2020,Jharkhand,20,Chatra,323,1392,1205019,628652,576367,275720,92,34,129,368,437,332,47,46,141,526,128,656,608,82,29,599,682,13,182,100,1110,435,413,256,153,135,162,435,6,24,247,1115,27,61,73,79,1152,6,1225,24,137,68190,177,84672,134,323,1201,106,85,888,474,120,60,27,442,36,12,63,59,1258,38,45,42,100,1205,31,85,296,490,303,56,16,52,223,478,567,20,10,68,395,899,140
682,2020,Jharkhand,20,Godda,330,1861,1474756,790412,684344,323735,160,72,192,505,448,484,130,86,298,807,244,926,691,119,42,877,823,17,190,254,1417,152,596,655,209,249,132,500,52,55,560,1194,65,81,230,125,1360,8,1369,66,418,72879,111,104700,184,408,1647,84,130,932,427,124,107,39,853,59,30,245,109,1477,51,87,105,210,1459,45,151,414,438,411,69,46,98,309,546,793,46,12,242,529,1032,219
684,2020,Jharkhand,20,Dumka,326,2732,1415799,724685,691114,326804,216,100,243,669,987,517,191,142,346,1130,337,1421,974,245,79,1172,1236,108,299,281,2152,194,818,1090,542,88,251,586,53,78,935,1666,132,272,353,190,1785,11,1986,95,640,73224,156,176825,266,482,2313,143,276,1626,671,210,151,104,946,113,33,241,181,2277,98,133,148,255,2196,69,183,650,843,451,103,46,129,402,1017,1035,50,25,413,1046,1198,483
685,2020,Jharkhand,20,Saraikela Kharsawan,341,1150,915157,465329,449828,194774,78,27,100,326,409,210,82,39,174,564,234,404,512,80,70,230,770,61,150,90,910,36,208,529,354,23,82,366,8,25,239,878,56,131,201,42,720,14,903,29,204,60503,43,123086,148,349,969,50,131,858,460,134,98,52,242,39,28,138,52,932,35,33,52,87,978,32,98,298,323,227,99,12,32,194,375,438,40,11,54,177,868,86
686,2020,Jharkhand,20,Khunti,606,758,531144,269420,261724,110997,36,5,39,129,241,308,24,14,91,494,82,532,144,29,37,536,156,10,80,104,574,77,276,281,101,23,74,340,28,11,322,397,17,80,174,110,377,1,660,19,78,25241,48,79427,69,246,647,53,58,526,292,71,23,6,203,15,24,87,55,592,12,58,17,110,573,10,37,126,215,185,41,5,21,81,228,382,10,4,59,256,429,63
687,2020,Jharkhand,20,Dhanbad,325,1153,1614034,848707,765327,357253,204,32,148,397,284,88,110,125,240,667,180,519,454,32,10,444,667,89,210,128,815,32,283,465,347,26,144,478,28,72,206,847,54,115,198,71,715,3,973,52,125,119211,61,91261,196,509,949,70,134,838,440,167,114,51,256,38,18,177,78,880,45,59,51,123,920,19,89,274,352,186,59,16,55,201,418,404,37,13,150,311,642,72
711,2020,Nagaland,13,Tuensang,249,116,205993,106562,99431,36854,2,0,3,11,10,90,8,0,22,64,1,7,108,5,25,1,85,0,3,7,106,9,33,45,17,12,16,80,0,5,4,107,5,28,49,8,26,1,95,1,19,3537,16,22371,15,70,108,3,5,108,62,21,0,1,5,15,2,53,0,61,2,0,14,47,55,1,6,11,7,30,1,0,0,2,6,107,2,2,30,67,15,0
688,2020,Jharkhand,20,Bokaro,322,724,1714440,906780,807660,414900,154,21,57,156,205,131,82,94,113,411,120,249,355,40,20,238,426,67,247,61,416,49,195,322,145,13,84,398,20,46,230,428,31,88,114,45,446,3,560,56,105,120982,28,85844,195,414,569,70,85,606,369,137,86,24,83,31,9,74,36,605,38,36,58,110,520,12,37,108,213,150,39,14,21,65,240,345,20,10,89,173,432,45
689,2020,Jharkhand,20,Jamtara,333,1098,783672,404635,379037,160070,72,22,115,341,398,150,52,32,126,472,146,561,391,131,13,150,804,15,105,128,865,9,289,561,212,27,95,278,20,14,160,904,44,57,46,44,907,2,901,15,180,39040,62,78781,87,218,895,88,115,772,355,77,43,19,267,56,22,32,38,1006,14,36,20,71,971,26,85,342,379,139,23,9,33,174,447,412,24,10,98,239,727,250
690,2020,Jharkhand,20,Sahebganj,340,1601,1301480,668740,632740,294697,109,38,90,308,488,568,80,53,225,463,99,453,1049,37,29,597,938,72,94,93,1414,166,279,605,179,372,85,237,38,51,372,1140,27,89,182,113,1190,7,1075,43,476,82968,47,110417,120,297,1469,25,107,648,329,112,56,21,893,33,14,39,53,1495,30,63,51,108,1379,19,67,274,481,538,45,29,43,186,464,834,29,19,96,296,1161,67
691,2020,Jharkhand,20,East Singhbum,327,1842,1628085,832197,795888,336102,119,40,146,489,710,338,100,81,166,810,277,784,781,137,34,505,1166,29,201,206,1435,55,302,959,427,99,128,467,14,57,343,1428,75,244,256,106,1161,7,1374,83,378,101746,48,162359,173,384,1604,59,179,1028,433,139,63,29,752,21,36,272,96,1438,20,72,61,94,1615,31,133,421,690,340,33,13,50,263,714,769,35,19,179,328,1281,45
712,2020,Nagaland,13,Longleng,615,46,93098,46211,46887,20449,0,0,3,5,2,36,1,0,0,41,0,31,15,6,9,0,31,0,0,3,43,0,18,13,15,0,11,39,0,0,2,44,0,5,4,1,36,0,44,0,2,2103,8,8827,7,19,11,26,9,38,18,9,0,1,7,5,0,25,1,20,0,0,3,10,33,0,3,4,3,23,0,0,3,6,3,34,0,1,2,38,5,19
692,2020,Jharkhand,20,Ramgarh,607,328,851284,443973,407311,205534,71,5,29,81,84,58,64,45,69,201,65,184,79,24,11,140,153,33,92,37,199,3,74,188,63,0,68,203,9,18,95,206,31,50,80,24,143,1,285,9,33,49600,17,43172,81,181,252,36,40,267,165,91,49,12,37,9,13,61,10,244,23,11,20,56,241,6,19,62,101,53,29,2,15,43,109,130,11,15,64,97,141,50
693,2020,Jharkhand,20,Gumla,331,948,1081531,555726,525805,216604,63,11,23,125,276,450,63,19,170,507,91,496,361,83,19,514,332,19,112,99,737,159,378,235,69,107,93,393,4,17,416,511,67,78,159,91,553,2,738,14,194,63914,59,146613,129,223,808,53,87,720,368,114,57,39,191,13,4,96,48,800,10,19,38,193,698,14,44,158,214,268,38,2,21,90,256,541,8,2,67,203,668,75
694,2020,Jharkhand,20,Giridih,329,2725,2777627,1482961,1294666,598612,245,78,200,686,878,638,235,136,387,1147,329,1252,1144,164,82,1267,1212,118,414,319,1992,332,926,923,408,136,249,833,118,60,677,1870,112,112,179,178,2144,13,2138,115,459,167922,174,133228,302,758,2370,136,219,1706,803,264,189,61,884,91,57,147,179,2342,69,132,126,217,2250,49,131,463,854,753,116,42,113,354,859,1241,73,23,220,831,1578,177
695,2020,Jharkhand,20,Garhwa,328,866,1360009,716633,643376,323976,87,7,34,145,296,297,61,29,145,378,67,331,468,67,19,578,202,27,128,107,631,313,232,200,59,62,84,396,19,20,201,626,12,42,86,38,688,9,619,25,213,87746,49,129349,110,293,743,71,52,622,342,125,77,23,189,20,9,36,34,787,30,51,54,101,660,10,40,163,235,212,26,6,14,106,276,438,20,9,49,165,623,25
696,2020,Jharkhand,20,West Singhbhum,343,1659,1504001,756002,747999,335179,72,6,101,357,494,629,51,35,244,699,110,806,743,227,280,328,824,34,284,156,1219,165,518,738,152,86,121,698,23,60,472,1104,35,141,241,233,1009,6,1268,41,344,103901,54,211926,113,410,1401,130,128,1242,449,126,67,16,330,20,22,317,141,1179,12,126,38,234,1261,16,117,310,418,400,38,5,71,238,486,821,14,17,112,436,1080,103
697,2020,Jharkhand,20,Latehar,335,749,777331,400816,376515,171979,37,7,39,130,242,294,64,20,164,407,83,423,243,38,21,481,209,33,123,137,489,96,208,236,143,66,93,328,4,7,212,526,12,54,107,92,484,2,611,39,97,46817,42,95686,100,235,582,86,81,604,287,109,72,39,132,25,7,109,50,583,23,45,26,95,583,10,58,162,199,154,26,11,27,114,233,338,14,7,69,232,427,75
698,2020,Jharkhand,20,Pakur,337,1151,940566,482350,458216,204802,106,27,101,260,385,272,96,47,136,332,79,407,665,57,12,519,563,23,65,159,927,80,370,473,184,44,60,180,19,20,350,762,11,63,147,62,868,5,809,63,274,33143,42,95392,90,234,953,48,150,688,245,64,55,27,434,39,25,103,103,920,27,19,36,98,998,18,81,254,404,241,56,14,56,166,421,438,29,16,107,410,589,115
699,2020,Jharkhand,20,Deoghar,324,2661,1428554,756382,672172,265890,166,84,249,854,962,346,131,81,332,966,306,1173,1182,98,95,1190,1278,83,195,329,2137,123,669,1214,511,144,156,458,40,80,564,1977,96,173,241,150,2001,8,2118,98,437,78733,101,114815,177,384,2328,102,231,1386,517,159,119,75,1210,65,53,70,168,2370,54,170,108,159,2224,50,180,606,868,520,70,35,113,463,1101,879,56,32,265,996,1312,424
700,2020,Jharkhand,20,Hazaribagh,332,1323,1904733,987670,917063,392172,165,45,139,352,360,262,123,91,225,655,196,777,350,88,32,690,513,36,228,149,946,81,387,592,165,98,173,578,15,49,363,896,78,84,126,63,972,5,1057,44,217,126534,77,83097,194,411,1086,88,149,860,450,162,109,25,392,22,28,91,60,1144,27,45,44,188,1046,28,114,303,354,247,68,27,80,227,401,520,27,13,201,375,707,108
701,2020,Jharkhand,20,Lohardaga,336,352,480759,246208,234551,105374,26,6,21,91,98,110,69,14,118,222,32,190,130,13,4,259,76,9,69,42,241,5,97,173,74,3,84,201,11,15,115,211,15,40,110,30,157,0,316,10,26,43637,25,60701,63,120,268,39,45,277,167,41,29,8,56,10,11,73,14,254,12,30,29,45,248,7,30,84,82,45,26,3,15,79,116,113,6,6,97,138,105,37
702,2020,Nagaland,13,Mon,247,122,280386,146621,133765,41025,1,0,1,4,19,97,1,0,39,29,1,20,101,1,49,10,62,1,6,3,113,40,27,20,18,17,11,77,0,2,12,108,4,15,52,2,49,0,96,0,26,4046,15,26038,19,39,63,25,34,112,66,16,2,3,10,8,3,61,3,55,0,2,21,36,63,0,2,11,12,38,3,1,1,3,16,98,0,1,16,84,21,0
703,2020,Nagaland,13,Phek,248,96,164373,83461,80912,37610,2,0,1,8,10,75,10,2,28,38,3,19,74,8,21,7,60,1,4,11,81,9,24,40,21,2,14,67,0,7,7,82,3,17,48,14,14,1,84,1,10,6580,4,27312,23,62,60,19,17,93,53,32,1,1,0,16,1,57,3,35,3,4,25,37,30,0,4,5,4,17,2,1,2,4,8,79,2,0,22,58,14,5
704,2020,Nagaland,13,Zunheboto,251,169,159738,79630,80108,35879,3,2,4,10,21,129,3,2,35,55,1,16,152,18,13,1,137,1,6,2,161,7,51,71,32,8,17,85,1,1,6,161,4,30,53,19,63,0,145,2,22,6166,3,24739,12,82,122,10,37,155,69,13,0,3,8,3,2,54,1,112,0,3,15,37,114,1,9,22,15,67,4,0,2,9,19,135,2,2,13,78,74,3
